Spikeling Vm,Stimulus,Total Current Input,Synapse 1 Vm,Synapse 1 Input,Synapse 2 Vm,Synapse 2 Input
-42.43,1.0,27.58,0.0,0.0,0.0,0.0
-25.5,1.0,31.29,0.0,0.0,0.0,0.0
-50.0,1.0,30.68,0.0,0.0,0.0,0.0
-44.32,1.0,26.69,0.0,0.0,0.0,0.0
-32.56,1.0,26.85,0.0,0.0,0.0,0.0
5.41,1.0,26.75,0.0,0.0,0.0,0.0
-47.9,1.0,25.4,0.0,0.0,0.0,0.0
-41.71,1.0,27.16,0.0,0.0,0.0,0.0
-26.82,1.0,31.12,0.0,0.0,0.0,0.0
-50.0,1.0,28.94,0.0,0.0,0.0,0.0
-47.14,1.0,24.73,0.0,0.0,0.0,0.0
-42.28,1.0,24.7,0.0,0.0,0.0,0.0
-31.08,1.0,25.06,0.0,0.0,0.0,0.0
9.59,1.0,25.18,0.0,0.0,0.0,0.0
-49.35,1.0,30.01,0.0,0.0,0.0,0.0
-45.7,1.0,30.35,0.0,0.0,0.0,0.0
-39.04,1.0,28.11,0.0,0.0,0.0,0.0
-21.56,1.0,25.9,0.0,0.0,0.0,0.0
-50.0,1.0,24.95,0.0,0.0,0.0,0.0
-48.77,1.0,26.08,0.0,0.0,0.0,0.0
-45.62,1.0,27.13,0.0,0.0,0.0,0.0
-38.87,1.0,29.91,0.0,0.0,0.0,0.0
-21.85,1.0,30.2,0.0,0.0,0.0,0.0
-50.0,1.0,26.88,0.0,0.0,0.0,0.0
-48.83,1.0,24.74,0.0,0.0,0.0,0.0
-47.29,1.0,26.3,0.0,0.0,0.0,0.0
-43.68,1.0,25.05,0.0,0.0,0.0,0.0
-34.86,1.0,27.32,0.0,0.0,0.0,0.0
-8.48,1.0,31.11,0.0,0.0,0.0,0.0
-50.29,1.0,29.23,0.0,0.0,0.0,0.0
-49.26,1.0,24.87,0.0,0.0,0.0,0.0
-48.39,1.0,24.64,0.0,0.0,0.0,0.0
-47.27,1.0,25.92,0.0,0.0,0.0,0.0
-43.34,1.0,25.68,0.0,0.0,0.0,0.0
-33.94,1.0,29.95,0.0,0.0,0.0,0.0
-5.41,1.0,30.06,0.0,0.0,0.0,0.0
-50.09,1.0,29.02,0.0,0.0,0.0,0.0
-49.43,1.0,26.04,0.0,0.0,0.0,0.0
-48.0,1.0,25.02,0.0,0.0,0.0,0.0
-45.95,1.0,25.13,0.0,0.0,0.0,0.0
-40.96,1.0,27.1,0.0,0.0,0.0,0.0
-27.98,1.0,31.34,0.0,0.0,0.0,0.0
20.9,1.0,29.75,0.0,0.0,0.0,0.0
-49.24,1.0,27.18,0.0,0.0,0.0,0.0
-48.29,1.0,26.18,0.0,0.0,0.0,0.0
-46.29,1.0,24.91,0.0,0.0,0.0,0.0
-42.71,1.0,24.85,0.0,0.0,0.0,0.0
-33.73,1.0,28.91,0.0,0.0,0.0,0.0
-5.06,1.0,29.95,0.0,0.0,0.0,0.0
-50.46,1.0,29.98,0.0,0.0,0.0,0.0
-50.72,1.0,25.07,0.0,0.0,0.0,0.0
-51.66,1.0,24.69,0.0,0.0,0.0,0.0
-53.21,1.0,26.0,0.0,0.0,0.0,0.0
-54.43,1.0,25.83,0.0,0.0,0.0,0.0
-55.76,1.0,29.95,0.0,0.0,0.0,0.0
-57.15,1.0,30.07,0.0,0.0,0.0,0.0
-59.11,1.0,29.3,0.0,0.0,0.0,0.0
-60.57,1.0,26.2,0.0,0.0,0.0,0.0
-62.51,1.0,25.39,0.0,0.0,0.0,0.0
-64.66,1.0,25.05,0.0,0.0,0.0,0.0
-66.36,1.0,27.38,0.0,0.0,0.0,0.0
-67.3,1.0,31.01,0.0,0.0,0.0,0.0
-67.79,1.0,29.83,0.0,0.0,0.0,0.0
-67.97,1.0,26.42,0.0,0.0,0.0,0.0
-68.18,1.0,24.97,0.0,0.0,0.0,0.0
-68.46,1.0,24.73,0.0,0.0,0.0,0.0
-68.95,0.0,23.55,0.0,0.0,0.0,0.0
-70.19,0.0,18.85,0.0,0.0,0.0,0.0
-74.03,0.0,14.94,0.0,0.0,0.0,0.0
-79.32,0.0,5.77,0.0,0.0,0.0,0.0
-84.19,0.0,0.89,0.0,0.0,0.0,0.0
-85.92,0.0,1.52,0.0,0.0,0.0,0.0
-86.65,0.0,1.88,0.0,0.0,0.0,0.0
-86.73,0.0,1.65,0.0,0.0,0.0,0.0
-86.49,0.0,5.72,0.0,0.0,0.0,0.0
-86.02,0.0,5.78,0.0,0.0,0.0,0.0
-86.19,0.0,4.43,0.0,0.0,0.0,0.0
-85.29,0.0,0.9,0.0,0.0,0.0,0.0
-84.97,0.0,1.35,0.0,0.0,0.0,0.0
-85.39,0.0,2.79,0.0,0.0,0.0,0.0
-85.43,0.0,2.83,0.0,0.0,0.0,0.0
-85.03,0.0,5.91,0.0,0.0,0.0,0.0
-84.86,0.0,6.83,0.0,0.0,0.0,0.0
-84.08,0.0,3.84,0.0,0.0,0.0,0.0
-83.68,0.0,2.35,0.0,0.0,0.0,0.0
-83.89,0.0,0.89,0.0,0.0,0.0,0.0
-84.46,0.0,0.91,0.0,0.0,0.0,0.0
-84.57,0.0,5.39,0.0,0.0,0.0,0.0
-83.74,0.0,8.28,0.0,0.0,0.0,0.0
-83.01,0.0,5.8,0.0,0.0,0.0,0.0
-82.62,0.0,2.24,0.0,0.0,0.0,0.0
-82.49,0.0,1.82,0.0,0.0,0.0,0.0
-82.87,0.0,1.83,0.0,0.0,0.0,0.0
-83.26,0.0,2.38,0.0,0.0,0.0,0.0
-82.9,0.0,4.9,0.0,0.0,0.0,0.0
-83.09,0.0,5.0,0.0,0.0,0.0,0.0
-83.14,0.0,3.45,0.0,0.0,0.0,0.0
-82.62,0.0,0.9,0.0,0.0,0.0,0.0
-82.26,0.0,1.85,0.0,0.0,0.0,0.0
-82.27,0.0,1.84,0.0,0.0,0.0,0.0
-82.25,0.0,2.37,0.0,0.0,0.0,0.0
-82.02,0.0,7.36,0.0,0.0,0.0,0.0
-81.73,0.0,5.91,0.0,0.0,0.0,0.0
-81.68,0.0,1.9,0.0,0.0,0.0,0.0
-81.42,0.0,0.9,0.0,0.0,0.0,0.0
-81.28,0.0,1.93,0.0,0.0,0.0,0.0
-81.51,0.0,1.85,0.0,0.0,0.0,0.0
-81.03,0.0,5.83,0.0,0.0,0.0,0.0
-80.53,0.0,8.27,0.0,0.0,0.0,0.0
-79.88,0.0,5.85,0.0,0.0,0.0,0.0
-79.87,0.0,2.39,0.0,0.0,0.0,0.0
-79.86,0.0,1.37,0.0,0.0,0.0,0.0
-80.32,0.0,1.91,0.0,0.0,0.0,0.0
-80.86,0.0,0.91,0.0,0.0,0.0,0.0
-80.72,0.0,6.37,0.0,0.0,0.0,0.0
-80.17,0.0,7.34,0.0,0.0,0.0,0.0
-79.85,0.0,3.92,0.0,0.0,0.0,0.0
-79.48,0.0,1.46,0.0,0.0,0.0,0.0
-79.31,0.0,1.91,0.0,0.0,0.0,0.0
-79.65,0.0,0.92,0.0,0.0,0.0,0.0
-79.89,0.0,2.37,0.0,0.0,0.0,0.0
-79.35,0.0,6.82,0.0,0.0,0.0,0.0
-78.6,0.0,6.35,0.0,0.0,0.0,0.0
-78.49,0.0,3.39,0.0,0.0,0.0,0.0
-78.44,0.0,0.92,0.0,0.0,0.0,0.0
-78.67,0.0,2.37,0.0,0.0,0.0,0.0
-78.82,0.0,1.81,0.0,0.0,0.0,0.0
-78.41,0.0,4.83,0.0,0.0,0.0,0.0
-78.05,0.0,7.35,0.0,0.0,0.0,0.0
-77.81,0.0,4.92,0.0,0.0,0.0,0.0
-77.55,0.0,1.37,0.0,0.0,0.0,0.0
-77.58,0.0,2.84,0.0,0.0,0.0,0.0
-77.46,0.0,1.81,0.0,0.0,0.0,0.0
-77.64,0.0,1.36,0.0,0.0,0.0,0.0
-78.04,0.0,4.45,0.0,0.0,0.0,0.0
-77.85,0.0,5.46,0.0,0.0,0.0,0.0
-78.03,0.0,3.92,0.0,0.0,0.0,0.0
-77.29,0.0,1.36,0.0,0.0,0.0,0.0
-77.02,0.0,2.26,0.0,0.0,0.0,0.0
-77.05,0.0,2.82,0.0,0.0,0.0,0.0
-76.72,0.0,2.36,0.0,0.0,0.0,0.0
-76.8,0.0,7.39,0.0,0.0,0.0,0.0
-76.54,0.0,5.92,0.0,0.0,0.0,0.0
-76.51,0.0,2.36,0.0,0.0,0.0,0.0
-76.42,0.0,1.91,0.0,0.0,0.0,0.0
-76.66,0.0,1.91,0.0,0.0,0.0,0.0
-77.12,0.0,1.91,0.0,0.0,0.0,0.0
-76.93,0.0,4.91,0.0,0.0,0.0,0.0
-76.41,1.0,14.57,0.0,0.0,0.0,0.0
-71.63,1.0,35.58,0.0,0.0,0.0,0.0
-56.35,1.0,53.24,0.0,0.0,0.0,0.0
-25.45,1.0,61.53,0.0,0.0,0.0,0.0
-37.7,1.0,59.66,0.0,0.0,0.0,0.0
-50.0,1.0,51.48,0.0,0.0,0.0,0.0
-11.38,1.0,49.86,0.0,0.0,0.0,0.0
-42.91,1.0,46.09,0.0,0.0,0.0,0.0
-4.79,1.0,41.82,0.0,0.0,0.0,0.0
-44.07,1.0,36.33,0.0,0.0,0.0,0.0
-16.28,1.0,32.88,0.0,0.0,0.0,0.0
-45.76,1.0,31.35,0.0,0.0,0.0,0.0
-25.47,1.0,30.99,0.0,0.0,0.0,0.0
-50.0,1.0,35.11,0.0,0.0,0.0,0.0
-37.73,1.0,33.17,0.0,0.0,0.0,0.0
-6.27,1.0,28.12,0.0,0.0,0.0,0.0
-47.11,1.0,27.86,0.0,0.0,0.0,0.0
-35.93,1.0,26.17,0.0,0.0,0.0,0.0
-4.35,1.0,27.29,0.0,0.0,0.0,0.0
-48.66,1.0,29.89,0.0,0.0,0.0,0.0
-40.61,1.0,30.64,0.0,0.0,0.0,0.0
-21.83,1.0,29.2,0.0,0.0,0.0,0.0
-50.0,1.0,25.31,0.0,0.0,0.0,0.0
-45.54,1.0,26.59,0.0,0.0,0.0,0.0
-36.34,1.0,26.51,0.0,0.0,0.0,0.0
-9.32,1.0,26.34,0.0,0.0,0.0,0.0
-49.15,1.0,29.42,0.0,0.0,0.0,0.0
-44.27,1.0,30.15,0.0,0.0,0.0,0.0
-34.01,1.0,28.38,0.0,0.0,0.0,0.0
-2.58,1.0,25.23,0.0,0.0,0.0,0.0
-48.42,1.0,24.92,0.0,0.0,0.0,0.0
-44.96,1.0,26.31,0.0,0.0,0.0,0.0
-36.13,1.0,27.09,0.0,0.0,0.0,0.0
-10.9,1.0,29.62,0.0,0.0,0.0,0.0
-49.95,1.0,29.88,0.0,0.0,0.0,0.0
-47.9,1.0,26.96,0.0,0.0,0.0,0.0
-43.63,1.0,26.0,0.0,0.0,0.0,0.0
-34.37,1.0,24.84,0.0,0.0,0.0,0.0
-7.12,1.0,24.84,0.0,0.0,0.0,0.0
-50.09,1.0,27.79,0.0,0.0,0.0,0.0
-48.31,1.0,30.04,0.0,0.0,0.0,0.0
-45.42,1.0,29.3,0.0,0.0,0.0,0.0
-38.38,1.0,26.34,0.0,0.0,0.0,0.0
-20.4,1.0,25.08,0.0,0.0,0.0,0.0
-50.0,1.0,24.75,0.0,0.0,0.0,0.0
-49.45,1.0,25.12,0.0,0.0,0.0,0.0
-48.03,1.0,29.09,0.0,0.0,0.0,0.0
-44.7,1.0,30.34,0.0,0.0,0.0,0.0
-37.62,1.0,27.22,0.0,0.0,0.0,0.0
-18.95,1.0,25.16,0.0,0.0,0.0,0.0
-50.0,1.0,25.07,0.0,0.0,0.0,0.0
-49.66,1.0,25.03,0.0,0.0,0.0,0.0
-48.77,1.0,25.99,0.0,0.0,0.0,0.0
-47.14,1.0,29.75,0.0,0.0,0.0,0.0
-43.45,1.0,29.8,0.0,0.0,0.0,0.0
-35.12,1.0,25.42,0.0,0.0,0.0,0.0
-10.76,1.0,25.68,0.0,0.0,0.0,0.0
-49.41,1.0,24.68,0.0,0.0,0.0,0.0
-49.0,1.0,24.73,0.0,0.0,0.0,0.0
-47.5,1.0,28.07,0.0,0.0,0.0,0.0
-43.66,1.0,30.87,0.0,0.0,0.0,0.0
-35.67,1.0,30.23,0.0,0.0,0.0,0.0
-11.7,1.0,26.16,0.0,0.0,0.0,0.0
-49.47,1.0,24.93,0.0,0.0,0.0,0.0
-49.75,1.0,24.92,0.0,0.0,0.0,0.0
-49.33,1.0,24.93,0.0,0.0,0.0,0.0
-48.2,1.0,29.17,0.0,0.0,0.0,0.0
-45.19,1.0,30.15,0.0,0.0,0.0,0.0
-39.62,1.0,28.19,0.0,0.0,0.0,0.0
-25.1,1.0,24.92,0.0,0.0,0.0,0.0
-50.0,1.0,26.24,0.0,0.0,0.0,0.0
-50.14,1.0,25.96,0.0,0.0,0.0,0.0
-49.87,1.0,27.03,0.0,0.0,0.0,0.0
-48.83,1.0,29.97,0.0,0.0,0.0,0.0
-46.63,1.0,29.71,0.0,0.0,0.0,0.0
-42.65,1.0,26.76,0.0,0.0,0.0,0.0
-33.8,1.0,26.08,0.0,0.0,0.0,0.0
-6.49,1.0,25.2,0.0,0.0,0.0,0.0
-50.32,1.0,25.35,0.0,0.0,0.0,0.0
-50.16,1.0,29.49,0.0,0.0,0.0,0.0
-49.0,1.0,31.11,0.0,0.0,0.0,0.0
-47.17,1.0,30.01,0.0,0.0,0.0,0.0
-43.36,1.0,25.85,0.0,0.0,0.0,0.0
-35.53,0.0,23.56,0.0,0.0,0.0,0.0
-16.27,0.0,16.46,0.0,0.0,0.0,0.0
-50.0,0.0,10.07,0.0,0.0,0.0,0.0
-60.62,0.0,5.77,0.0,0.0,0.0,0.0
-76.72,0.0,6.68,0.0,0.0,0.0,0.0
-86.24,0.0,3.51,0.0,0.0,0.0,0.0
-88.3,0.0,1.59,0.0,0.0,0.0,0.0
-88.83,0.0,0.64,0.0,0.0,0.0,0.0
-89.21,0.0,0.71,0.0,0.0,0.0,0.0
-89.44,0.0,2.16,0.0,0.0,0.0,0.0
-89.03,0.0,7.26,0.0,0.0,0.0,0.0
-88.29,0.0,5.91,0.0,0.0,0.0,0.0
-88.02,0.0,2.35,0.0,0.0,0.0,0.0
-87.64,0.0,1.38,0.0,0.0,0.0,0.0
-87.73,0.0,2.37,0.0,0.0,0.0,0.0
-87.72,0.0,1.92,0.0,0.0,0.0,0.0
-87.71,0.0,4.46,0.0,0.0,0.0,0.0
-87.57,0.0,7.0,0.0,0.0,0.0,0.0
-87.27,0.0,4.46,0.0,0.0,0.0,0.0
-86.75,0.0,1.91,0.0,0.0,0.0,0.0
-86.47,0.0,2.82,0.0,0.0,0.0,0.0
-86.16,0.0,2.34,0.0,0.0,0.0,0.0
-86.56,0.0,2.38,0.0,0.0,0.0,0.0
-86.37,0.0,5.36,0.0,0.0,0.0,0.0
-85.95,0.0,6.38,0.0,0.0,0.0,0.0
-85.68,0.0,5.25,0.0,0.0,0.0,0.0
-84.82,0.0,3.73,0.0,0.0,0.0,0.0
-84.55,0.0,1.85,0.0,0.0,0.0,0.0
-85.25,0.0,1.37,0.0,0.0,0.0,0.0
-85.37,0.0,1.45,0.0,0.0,0.0,0.0
-85.81,0.0,6.46,0.0,0.0,0.0,0.0
-85.36,0.0,5.45,0.0,0.0,0.0,0.0
-84.94,0.0,1.9,0.0,0.0,0.0,0.0
-84.44,0.0,0.9,0.0,0.0,0.0,0.0
-84.32,0.0,0.46,0.0,0.0,0.0,0.0
-84.66,0.0,1.38,0.0,0.0,0.0,0.0
-84.54,0.0,4.83,0.0,0.0,0.0,0.0
-83.82,0.0,7.81,0.0,0.0,0.0,0.0
-83.33,0.0,6.37,0.0,0.0,0.0,0.0
-83.06,0.0,0.45,0.0,0.0,0.0,0.0
-83.31,0.0,0.0,0.0,0.0,0.0,0.0
-83.81,0.0,0.0,0.0,0.0,0.0,0.0
-84.2,0.0,1.45,0.0,0.0,0.0,0.0
-83.74,0.0,5.91,0.0,0.0,0.0,0.0
-82.92,0.0,7.38,0.0,0.0,0.0,0.0
-82.4,0.0,6.28,0.0,0.0,0.0,0.0
-81.32,0.0,1.82,0.0,0.0,0.0,0.0
-81.5,0.0,1.35,0.0,0.0,0.0,0.0
-82.09,0.0,1.34,0.0,0.0,0.0,0.0
-82.33,0.0,1.91,0.0,0.0,0.0,0.0
-82.43,0.0,6.36,0.0,0.0,0.0,0.0
-82.09,0.0,5.46,0.0,0.0,0.0,0.0
-82.04,0.0,1.46,0.0,0.0,0.0,0.0
-82.01,0.0,1.0,0.0,0.0,0.0,0.0
-81.77,0.0,1.91,0.0,0.0,0.0,0.0
-82.0,0.0,0.91,0.0,0.0,0.0,0.0
-81.69,0.0,5.36,0.0,0.0,0.0,0.0
-81.05,0.0,7.34,0.0,0.0,0.0,0.0
-80.79,0.0,5.37,0.0,0.0,0.0,0.0
-80.28,0.0,1.38,0.0,0.0,0.0,0.0
-80.12,0.0,1.46,0.0,0.0,0.0,0.0
-80.71,0.0,1.91,0.0,0.0,0.0,0.0
-80.72,0.0,1.46,0.0,0.0,0.0,0.0
-80.69,0.0,4.45,0.0,0.0,0.0,0.0
-80.59,0.0,8.36,0.0,0.0,0.0,0.0
-79.98,0.0,5.37,0.0,0.0,0.0,0.0
-79.25,0.0,1.37,0.0,0.0,0.0,0.0
-79.07,0.0,2.39,0.0,0.0,0.0,0.0
-79.53,0.0,1.92,0.0,0.0,0.0,0.0
-79.76,0.0,2.91,0.0,0.0,0.0,0.0
-79.52,0.0,6.91,0.0,0.0,0.0,0.0
-79.38,0.0,6.91,0.0,0.0,0.0,0.0
-79.17,0.0,3.35,0.0,0.0,0.0,0.0
-78.69,0.0,2.81,0.0,0.0,0.0,0.0
-78.16,0.0,1.84,0.0,0.0,0.0,0.0
-78.51,0.0,2.28,0.0,0.0,0.0,0.0
-78.53,0.0,4.35,0.0,0.0,0.0,0.0
-78.35,0.0,8.37,0.0,0.0,0.0,0.0
-78.17,0.0,5.91,0.0,0.0,0.0,0.0
-77.85,0.0,0.91,0.0,0.0,0.0,0.0
-77.81,0.0,1.38,0.0,0.0,0.0,0.0
-78.32,0.0,1.92,0.0,0.0,0.0,0.0
-78.33,1.0,9.62,0.0,0.0,0.0,0.0
-73.79,1.0,36.59,0.0,0.0,0.0,0.0
-58.6,1.0,59.92,0.0,0.0,0.0,0.0
-29.17,1.0,63.68,0.0,0.0,0.0,0.0
-50.0,1.0,60.99,0.0,0.0,0.0,0.0
-4.51,1.0,52.13,0.0,0.0,0.0,0.0
-30.99,1.0,45.77,0.0,0.0,0.0,0.0
-50.0,1.0,44.18,0.0,0.0,0.0,0.0
-24.01,1.0,44.41,0.0,0.0,0.0,0.0
-50.0,1.0,41.39,0.0,0.0,0.0,0.0
-31.4,1.0,33.87,0.0,0.0,0.0,0.0
26.5,1.0,31.06,0.0,0.0,0.0,0.0
-42.39,1.0,29.74,0.0,0.0,0.0,0.0
-20.81,1.0,29.72,0.0,0.0,0.0,0.0
-50.0,1.0,31.07,0.0,0.0,0.0,0.0
-40.37,1.0,32.49,0.0,0.0,0.0,0.0
-17.91,1.0,30.73,0.0,0.0,0.0,0.0
-47.96,1.0,26.37,0.0,0.0,0.0,0.0
-39.15,1.0,25.82,0.0,0.0,0.0,0.0
-17.72,1.0,27.33,0.0,0.0,0.0,0.0
-48.68,1.0,25.97,0.0,0.0,0.0,0.0
-41.81,1.0,30.88,0.0,0.0,0.0,0.0
-25.17,1.0,31.62,0.0,0.0,0.0,0.0
-50.0,1.0,28.48,0.0,0.0,0.0,0.0
-45.47,1.0,25.29,0.0,0.0,0.0,0.0
-37.14,1.0,26.25,0.0,0.0,0.0,0.0
-13.99,1.0,25.3,0.0,0.0,0.0,0.0
-49.71,1.0,27.11,0.0,0.0,0.0,0.0
-46.46,1.0,29.91,0.0,0.0,0.0,0.0
-40.21,1.0,29.65,0.0,0.0,0.0,0.0
-24.77,1.0,25.7,0.0,0.0,0.0,0.0
-50.0,1.0,24.65,0.0,0.0,0.0,0.0
-49.06,1.0,24.54,0.0,0.0,0.0,0.0
-46.64,1.0,25.96,0.0,0.0,0.0,0.0
-40.48,1.0,27.65,0.0,0.0,0.0,0.0
-25.91,1.0,30.15,0.0,0.0,0.0,0.0
-50.0,1.0,28.69,0.0,0.0,0.0,0.0
-48.42,1.0,25.85,0.0,0.0,0.0,0.0
-45.61,1.0,25.11,0.0,0.0,0.0,0.0
-40.54,1.0,24.83,0.0,0.0,0.0,0.0
-26.42,1.0,25.45,0.0,0.0,0.0,0.0
-50.0,1.0,30.25,0.0,0.0,0.0,0.0
-48.53,1.0,30.91,0.0,0.0,0.0,0.0
-45.71,1.0,27.7,0.0,0.0,0.0,0.0
-40.54,1.0,24.64,0.0,0.0,0.0,0.0
-28.38,1.0,26.14,0.0,0.0,0.0,0.0
17.61,1.0,26.01,0.0,0.0,0.0,0.0
-50.5,1.0,26.16,0.0,0.0,0.0,0.0
-50.11,1.0,31.3,0.0,0.0,0.0,0.0
-48.81,1.0,30.97,0.0,0.0,0.0,0.0
-46.52,1.0,25.98,0.0,0.0,0.0,0.0
-42.16,1.0,25.97,0.0,0.0,0.0,0.0
-32.35,1.0,26.08,0.0,0.0,0.0,0.0
0.73,1.0,25.02,0.0,0.0,0.0,0.0
-50.49,1.0,28.01,0.0,0.0,0.0,0.0
-50.04,1.0,31.13,0.0,0.0,0.0,0.0
-48.84,1.0,30.18,0.0,0.0,0.0,0.0
-46.35,1.0,25.88,0.0,0.0,0.0,0.0
-42.1,1.0,25.12,0.0,0.0,0.0,0.0
-32.49,1.0,24.85,0.0,0.0,0.0,0.0
-0.32,1.0,25.25,0.0,0.0,0.0,0.0
-50.45,1.0,29.05,0.0,0.0,0.0,0.0
-49.68,1.0,30.98,0.0,0.0,0.0,0.0
-48.66,1.0,28.88,0.0,0.0,0.0,0.0
-46.57,1.0,26.03,0.0,0.0,0.0,0.0
-42.55,1.0,25.12,0.0,0.0,0.0,0.0
-33.47,1.0,25.38,0.0,0.0,0.0,0.0
-3.84,1.0,26.12,0.0,0.0,0.0,0.0
-50.08,1.0,30.07,0.0,0.0,0.0,0.0
-49.47,1.0,30.96,0.0,0.0,0.0,0.0
-48.11,1.0,25.9,0.0,0.0,0.0,0.0
-46.03,1.0,24.78,0.0,0.0,0.0,0.0
-42.09,1.0,25.74,0.0,0.0,0.0,0.0
-32.18,1.0,26.1,0.0,0.0,0.0,0.0
2.66,1.0,26.9,0.0,0.0,0.0,0.0
-50.37,1.0,30.8,0.0,0.0,0.0,0.0
-50.65,1.0,29.93,0.0,0.0,0.0,0.0
-50.45,1.0,26.26,0.0,0.0,0.0,0.0
-49.98,1.0,25.02,0.0,0.0,0.0,0.0
-49.97,1.0,26.28,0.0,0.0,0.0,0.0
-48.64,1.0,24.91,0.0,0.0,0.0,0.0
-45.65,1.0,30.14,0.0,0.0,0.0,0.0
-39.23,1.0,31.09,0.0,0.0,0.0,0.0
-23.33,0.0,25.59,0.0,0.0,0.0,0.0
-50.0,0.0,16.84,0.0,0.0,0.0,0.0
-55.84,0.0,10.36,0.0,0.0,0.0,0.0
-68.26,0.0,0.96,0.0,0.0,0.0,0.0
-82.25,0.0,1.9,0.0,0.0,0.0,0.0
-87.65,0.0,7.03,0.0,0.0,0.0,0.0
-88.39,0.0,6.88,0.0,0.0,0.0,0.0
-88.57,0.0,2.65,0.0,0.0,0.0,0.0
-88.13,0.0,0.7,0.0,0.0,0.0,0.0
-88.28,0.0,1.17,0.0,0.0,0.0,0.0
-88.2,0.0,2.68,0.0,0.0,0.0,0.0
-87.79,0.0,3.8,0.0,0.0,0.0,0.0
-87.9,0.0,6.92,0.0,0.0,0.0,0.0
-87.47,0.0,4.45,0.0,0.0,0.0,0.0
-87.27,0.0,0.92,0.0,0.0,0.0,0.0
-86.89,0.0,0.92,0.0,0.0,0.0,0.0
-87.07,0.0,1.37,0.0,0.0,0.0,0.0
-87.05,0.0,1.81,0.0,0.0,0.0,0.0
-86.7,0.0,5.36,0.0,0.0,0.0,0.0
-86.43,0.0,7.39,0.0,0.0,0.0,0.0
-86.12,0.0,5.36,0.0,0.0,0.0,0.0
-85.58,0.0,2.82,0.0,0.0,0.0,0.0
-85.43,0.0,1.83,0.0,0.0,0.0,0.0
-85.51,0.0,2.68,0.0,0.0,0.0,0.0
-85.23,0.0,3.83,0.0,0.0,0.0,0.0
-85.45,0.0,6.81,0.0,0.0,0.0,0.0
-85.12,0.0,7.8,0.0,0.0,0.0,0.0
-84.67,0.0,3.35,0.0,0.0,0.0,0.0
-84.52,0.0,2.86,0.0,0.0,0.0,0.0
-84.27,0.0,1.38,0.0,0.0,0.0,0.0
-84.95,0.0,0.91,0.0,0.0,0.0,0.0
-84.95,0.0,3.46,0.0,0.0,0.0,0.0
-85.01,0.0,6.91,0.0,0.0,0.0,0.0
-84.59,0.0,5.92,0.0,0.0,0.0,0.0
-83.8,0.0,2.34,0.0,0.0,0.0,0.0
-83.3,0.0,1.91,0.0,0.0,0.0,0.0
-83.72,0.0,1.93,0.0,0.0,0.0,0.0
-83.89,0.0,0.92,0.0,0.0,0.0,0.0
-83.88,0.0,4.92,0.0,0.0,0.0,0.0
-83.62,0.0,7.38,0.0,0.0,0.0,0.0
-83.08,0.0,4.81,0.0,0.0,0.0,0.0
-82.54,0.0,2.36,0.0,0.0,0.0,0.0
-82.18,0.0,1.34,0.0,0.0,0.0,0.0
-82.73,0.0,0.46,0.0,0.0,0.0,0.0
-82.97,0.0,1.46,0.0,0.0,0.0,0.0
-83.03,0.0,6.93,0.0,0.0,0.0,0.0
-82.46,0.0,6.36,0.0,0.0,0.0,0.0
-82.02,0.0,3.82,0.0,0.0,0.0,0.0
-81.5,0.0,2.83,0.0,0.0,0.0,0.0
-81.16,0.0,0.9,0.0,0.0,0.0,0.0
-81.77,0.0,1.38,0.0,0.0,0.0,0.0
-81.91,0.0,3.46,0.0,0.0,0.0,0.0
-81.95,0.0,6.91,0.0,0.0,0.0,0.0
-81.49,0.0,4.92,0.0,0.0,0.0,0.0
-80.93,0.0,1.82,0.0,0.0,0.0,0.0
-80.31,0.0,2.28,0.0,0.0,0.0,0.0
-80.26,0.0,1.8,0.0,0.0,0.0,0.0
-80.84,0.0,2.28,0.0,0.0,0.0,0.0
-80.7,0.0,6.84,0.0,0.0,0.0,0.0
-80.31,0.0,6.8,0.0,0.0,0.0,0.0
-80.05,0.0,5.24,0.0,0.0,0.0,0.0
-79.15,0.0,1.83,0.0,0.0,0.0,0.0
-79.12,0.0,2.27,0.0,0.0,0.0,0.0
-79.41,0.0,1.8,0.0,0.0,0.0,0.0
-79.44,0.0,3.81,0.0,0.0,0.0,0.0
-79.57,0.0,6.34,0.0,0.0,0.0,0.0
-79.5,0.0,6.82,0.0,0.0,0.0,0.0
-78.93,0.0,2.81,0.0,0.0,0.0,0.0
-78.77,0.0,1.83,0.0,0.0,0.0,0.0
-78.92,0.0,0.91,0.0,0.0,0.0,0.0
-79.34,0.0,0.45,0.0,0.0,0.0,0.0
-79.48,0.0,2.45,0.0,0.0,0.0,0.0
-79.29,0.0,7.37,0.0,0.0,0.0,0.0
-78.65,0.0,6.82,0.0,0.0,0.0,0.0
-78.11,0.0,2.37,0.0,0.0,0.0,0.0
-77.58,0.0,1.35,0.0,0.0,0.0,0.0
-77.99,0.0,2.83,0.0,0.0,0.0,0.0
-77.93,0.0,2.35,0.0,0.0,0.0,0.0
-77.93,0.0,6.39,0.0,0.0,0.0,0.0
-77.66,0.0,7.38,0.0,0.0,0.0,0.0
-77.32,0.0,6.28,0.0,0.0,0.0,0.0
-76.61,0.0,2.71,0.0,0.0,0.0,0.0
-76.39,1.0,10.0,0.0,0.0,0.0,0.0
-72.42,1.0,33.41,0.0,0.0,0.0,0.0
-57.61,1.0,54.31,0.0,0.0,0.0,0.0
-27.06,1.0,66.57,0.0,0.0,0.0,0.0
-50.0,1.0,64.94,0.0,0.0,0.0,0.0
-3.72,1.0,54.21,0.0,0.0,0.0,0.0
-29.73,1.0,47.36,0.0,0.0,0.0,0.0
-50.0,1.0,41.77,0.0,0.0,0.0,0.0
-24.98,1.0,39.25,0.0,0.0,0.0,0.0
-50.0,1.0,38.43,0.0,0.0,0.0,0.0
-30.84,1.0,38.85,0.0,0.0,0.0,0.0
29.83,1.0,36.3,0.0,0.0,0.0,0.0
-41.46,1.0,29.93,0.0,0.0,0.0,0.0
-17.12,1.0,30.21,0.0,0.0,0.0,0.0
-47.11,1.0,28.87,0.0,0.0,0.0,0.0
-34.69,1.0,27.01,0.0,0.0,0.0,0.0
2.9,1.0,30.97,0.0,0.0,0.0,0.0
-45.31,1.0,32.63,0.0,0.0,0.0,0.0
-32.93,1.0,29.5,0.0,0.0,0.0,0.0
6.75,1.0,27.24,0.0,0.0,0.0,0.0
-46.12,1.0,25.51,0.0,0.0,0.0,0.0
-37.27,1.0,25.68,0.0,0.0,0.0,0.0
-12.35,1.0,27.73,0.0,0.0,0.0,0.0
-49.22,1.0,30.27,0.0,0.0,0.0,0.0
-44.39,1.0,31.51,0.0,0.0,0.0,0.0
-33.49,1.0,27.22,0.0,0.0,0.0,0.0
-0.66,1.0,25.17,0.0,0.0,0.0,0.0
-48.88,1.0,25.9,0.0,0.0,0.0,0.0
-45.6,1.0,26.11,0.0,0.0,0.0,0.0
-37.56,1.0,27.88,0.0,0.0,0.0,0.0
-15.86,1.0,29.58,0.0,0.0,0.0,0.0
-49.98,1.0,28.95,0.0,0.0,0.0,0.0
-48.13,1.0,24.71,0.0,0.0,0.0,0.0
-44.92,1.0,25.05,0.0,0.0,0.0,0.0
-37.93,1.0,24.99,0.0,0.0,0.0,0.0
-18.09,1.0,26.41,0.0,0.0,0.0,0.0
-50.0,1.0,30.32,0.0,0.0,0.0,0.0
-47.53,1.0,31.35,0.0,0.0,0.0,0.0
-43.71,1.0,29.03,0.0,0.0,0.0,0.0
-34.66,1.0,24.8,0.0,0.0,0.0,0.0
-9.0,1.0,25.88,0.0,0.0,0.0,0.0
-49.84,1.0,25.17,0.0,0.0,0.0,0.0
-48.91,1.0,24.82,0.0,0.0,0.0,0.0
-47.08,1.0,31.16,0.0,0.0,0.0,0.0
-42.15,1.0,30.03,0.0,0.0,0.0,0.0
-31.43,1.0,25.83,0.0,0.0,0.0,0.0
3.21,1.0,26.15,0.0,0.0,0.0,0.0
-49.38,1.0,26.01,0.0,0.0,0.0,0.0
-48.7,1.0,25.92,0.0,0.0,0.0,0.0
-46.57,1.0,26.74,0.0,0.0,0.0,0.0
-41.78,1.0,30.77,0.0,0.0,0.0,0.0
-30.95,1.0,29.06,0.0,0.0,0.0,0.0
5.71,1.0,24.86,0.0,0.0,0.0,0.0
-50.08,1.0,24.81,0.0,0.0,0.0,0.0
-50.2,1.0,26.14,0.0,0.0,0.0,0.0
-49.59,1.0,25.64,0.0,0.0,0.0,0.0
-48.25,1.0,30.13,0.0,0.0,0.0,0.0
-45.58,1.0,29.72,0.0,0.0,0.0,0.0
-40.22,1.0,29.03,0.0,0.0,0.0,0.0
-26.45,1.0,25.91,0.0,0.0,0.0,0.0
27.51,1.0,24.85,0.0,0.0,0.0,0.0
-50.19,1.0,26.11,0.0,0.0,0.0,0.0
-49.31,1.0,24.93,0.0,0.0,0.0,0.0
-48.02,1.0,30.22,0.0,0.0,0.0,0.0
-44.68,1.0,30.15,0.0,0.0,0.0,0.0
-37.9,1.0,27.05,0.0,0.0,0.0,0.0
-19.64,1.0,24.82,0.0,0.0,0.0,0.0
-50.0,1.0,25.01,0.0,0.0,0.0,0.0
-50.66,1.0,24.87,0.0,0.0,0.0,0.0
-50.31,1.0,27.1,0.0,0.0,0.0,0.0
-49.83,1.0,31.26,0.0,0.0,0.0,0.0
-48.25,1.0,30.01,0.0,0.0,0.0,0.0
-45.3,1.0,26.19,0.0,0.0,0.0,0.0
-39.82,1.0,24.52,0.0,0.0,0.0,0.0
-26.37,1.0,26.07,0.0,0.0,0.0,0.0
29.37,1.0,25.96,0.0,0.0,0.0,0.0
-50.5,1.0,29.04,0.0,0.0,0.0,0.0
-49.84,1.0,32.22,0.0,0.0,0.0,0.0
-48.77,1.0,27.73,0.0,0.0,0.0,0.0
-46.85,1.0,26.22,0.0,0.0,0.0,0.0
-43.18,1.0,25.94,0.0,0.0,0.0,0.0
-34.7,1.0,24.87,0.0,0.0,0.0,0.0
-8.83,1.0,25.92,0.0,0.0,0.0,0.0
-50.12,0.0,27.72,0.0,0.0,0.0,0.0
-51.54,0.0,21.1,0.0,0.0,0.0,0.0
-57.94,0.0,10.15,0.0,0.0,0.0,0.0
-70.29,0.0,1.57,0.0,0.0,0.0,0.0
-82.89,0.0,0.44,0.0,0.0,0.0,0.0
-88.34,0.0,1.26,0.0,0.0,0.0,0.0
-89.33,0.0,3.29,0.0,0.0,0.0,0.0
-89.21,0.0,6.97,0.0,0.0,0.0,0.0
-88.71,0.0,6.79,0.0,0.0,0.0,0.0
-87.67,0.0,2.32,0.0,0.0,0.0,0.0
-87.49,0.0,3.5,0.0,0.0,0.0,0.0
-87.1,0.0,2.24,0.0,0.0,0.0,0.0
-87.48,0.0,3.31,0.0,0.0,0.0,0.0
-87.09,0.0,6.24,0.0,0.0,0.0,0.0
-86.95,0.0,7.81,0.0,0.0,0.0,0.0
-86.66,0.0,6.3,0.0,0.0,0.0,0.0
-86.14,0.0,2.83,0.0,0.0,0.0,0.0
-86.21,0.0,1.36,0.0,0.0,0.0,0.0
-86.47,0.0,2.8,0.0,0.0,0.0,0.0
-86.32,0.0,1.83,0.0,0.0,0.0,0.0
-86.54,0.0,7.27,0.0,0.0,0.0,0.0
-85.97,0.0,7.25,0.0,0.0,0.0,0.0
-85.52,0.0,3.83,0.0,0.0,0.0,0.0
-84.91,0.0,3.32,0.0,0.0,0.0,0.0
-85.02,0.0,2.83,0.0,0.0,0.0,0.0
-85.17,0.0,1.81,0.0,0.0,0.0,0.0
-85.26,0.0,3.36,0.0,0.0,0.0,0.0
-85.23,0.0,7.36,0.0,0.0,0.0,0.0
-85.1,0.0,5.38,0.0,0.0,0.0,0.0
-84.76,0.0,2.84,0.0,0.0,0.0,0.0
-84.27,0.0,2.82,0.0,0.0,0.0,0.0
-84.22,0.0,2.36,0.0,0.0,0.0,0.0
-84.63,0.0,1.8,0.0,0.0,0.0,0.0
-84.42,0.0,5.35,0.0,0.0,0.0,0.0
-83.95,0.0,7.84,0.0,0.0,0.0,0.0
-83.5,0.0,5.38,0.0,0.0,0.0,0.0
-83.13,0.0,0.91,0.0,0.0,0.0,0.0
-83.14,0.0,1.35,0.0,0.0,0.0,0.0
-83.34,0.0,1.34,0.0,0.0,0.0,0.0
-83.45,0.0,0.9,0.0,0.0,0.0,0.0
-83.73,0.0,6.46,0.0,0.0,0.0,0.0
-83.36,0.0,6.92,0.0,0.0,0.0,0.0
-82.86,0.0,1.92,0.0,0.0,0.0,0.0
-82.74,0.0,1.37,0.0,0.0,0.0,0.0
-82.34,0.0,2.81,0.0,0.0,0.0,0.0
-82.26,0.0,1.81,0.0,0.0,0.0,0.0
-82.05,0.0,4.7,0.0,0.0,0.0,0.0
-81.49,0.0,7.29,0.0,0.0,0.0,0.0
-81.29,0.0,8.18,0.0,0.0,0.0,0.0
-80.3,0.0,2.72,0.0,0.0,0.0,0.0
-80.67,0.0,2.84,0.0,0.0,0.0,0.0
-80.72,0.0,1.37,0.0,0.0,0.0,0.0
-81.54,0.0,1.35,0.0,0.0,0.0,0.0
-81.82,0.0,4.9,0.0,0.0,0.0,0.0
-81.63,0.0,5.46,0.0,0.0,0.0,0.0
-80.98,0.0,1.45,0.0,0.0,0.0,0.0
-80.97,0.0,0.45,0.0,0.0,0.0,0.0
-81.64,0.0,2.93,0.0,0.0,0.0,0.0
-81.1,0.0,5.38,0.0,0.0,0.0,0.0
-80.43,0.0,1.83,0.0,0.0,0.0,0.0
-80.12,0.0,2.82,0.0,0.0,0.0,0.0
-80.04,0.0,4.25,0.0,0.0,0.0,0.0
-79.56,0.0,7.3,0.0,0.0,0.0,0.0
-79.37,0.0,4.37,0.0,0.0,0.0,0.0
-79.07,0.0,0.91,0.0,0.0,0.0,0.0
-79.33,0.0,0.45,0.0,0.0,0.0,0.0
-80.2,0.0,1.45,0.0,0.0,0.0,0.0
-80.39,0.0,4.45,0.0,0.0,0.0,0.0
-79.84,0.0,4.0,0.0,0.0,0.0,0.0
-79.89,0.0,2.9,0.0,0.0,0.0,0.0
-79.17,0.0,1.34,0.0,0.0,0.0,0.0
-78.6,0.0,2.29,0.0,0.0,0.0,0.0
-78.39,0.0,3.74,0.0,0.0,0.0,0.0
-77.91,0.0,2.83,0.0,0.0,0.0,0.0
-78.03,0.0,2.35,0.0,0.0,0.0,0.0
-78.29,0.0,1.9,0.0,0.0,0.0,0.0
-78.63,0.0,1.46,0.0,0.0,0.0,0.0
-78.82,0.0,5.46,0.0,0.0,0.0,0.0
-78.79,0.0,7.92,0.0,0.0,0.0,0.0
-78.0,0.0,5.38,0.0,0.0,0.0,0.0
-77.6,0.0,4.37,0.0,0.0,0.0,0.0
-77.07,0.0,2.35,0.0,0.0,0.0,0.0
-77.28,1.0,10.06,0.0,0.0,0.0,0.0
-72.65,1.0,32.07,0.0,0.0,0.0,0.0
-58.77,1.0,54.17,0.0,0.0,0.0,0.0
-30.26,1.0,62.33,0.0,0.0,0.0,0.0
-50.0,1.0,60.87,0.0,0.0,0.0,0.0
-3.86,1.0,56.85,0.0,0.0,0.0,0.0
-29.71,1.0,50.13,0.0,0.0,0.0,0.0
-50.0,1.0,42.45,0.0,0.0,0.0,0.0
-24.68,1.0,38.11,0.0,0.0,0.0,0.0
-50.0,1.0,36.34,0.0,0.0,0.0,0.0
-31.69,1.0,32.59,0.0,0.0,0.0,0.0
27.51,1.0,35.0,0.0,0.0,0.0,0.0
-42.3,1.0,34.71,0.0,0.0,0.0,0.0
-18.89,1.0,32.69,0.0,0.0,0.0,0.0
-50.0,1.0,29.13,0.0,0.0,0.0,0.0
-40.22,1.0,28.37,0.0,0.0,0.0,0.0
-17.17,1.0,27.76,0.0,0.0,0.0,0.0
-48.26,1.0,26.39,0.0,0.0,0.0,0.0
-39.88,1.0,32.22,0.0,0.0,0.0,0.0
-18.25,1.0,31.06,0.0,0.0,0.0,0.0
-50.0,1.0,26.75,0.0,0.0,0.0,0.0
-45.0,1.0,26.5,0.0,0.0,0.0,0.0
-34.17,1.0,25.43,0.0,0.0,0.0,0.0
-1.74,1.0,25.18,0.0,0.0,0.0,0.0
-49.1,1.0,28.77,0.0,0.0,0.0,0.0
-42.94,1.0,31.61,0.0,0.0,0.0,0.0
-30.42,1.0,29.02,0.0,0.0,0.0,0.0
12.37,1.0,26.0,0.0,0.0,0.0,0.0
-48.08,1.0,25.5,0.0,0.0,0.0,0.0
-43.7,1.0,24.77,0.0,0.0,0.0,0.0
-33.9,1.0,24.89,0.0,0.0,0.0,0.0
-2.86,1.0,30.2,0.0,0.0,0.0,0.0
-49.94,1.0,31.94,0.0,0.0,0.0,0.0
-47.14,1.0,27.88,0.0,0.0,0.0,0.0
-42.71,1.0,24.64,0.0,0.0,0.0,0.0
-32.5,1.0,24.96,0.0,0.0,0.0,0.0
-0.01,1.0,24.6,0.0,0.0,0.0,0.0
-50.23,1.0,24.59,0.0,0.0,0.0,0.0
-48.89,1.0,30.85,0.0,0.0,0.0,0.0
-45.64,1.0,30.09,0.0,0.0,0.0,0.0
-39.08,1.0,26.99,0.0,0.0,0.0,0.0
-22.66,1.0,26.36,0.0,0.0,0.0,0.0
-50.0,1.0,25.05,0.0,0.0,0.0,0.0
-49.73,1.0,25.23,0.0,0.0,0.0,0.0
-47.91,1.0,29.31,0.0,0.0,0.0,0.0
-43.55,1.0,30.19,0.0,0.0,0.0,0.0
-35.4,1.0,29.87,0.0,0.0,0.0,0.0
-10.19,1.0,25.01,0.0,0.0,0.0,0.0
-49.28,1.0,26.3,0.0,0.0,0.0,0.0
-48.47,1.0,26.38,0.0,0.0,0.0,0.0
-46.43,1.0,26.3,0.0,0.0,0.0,0.0
-41.16,1.0,28.12,0.0,0.0,0.0,0.0
-28.69,1.0,30.04,0.0,0.0,0.0,0.0
16.36,1.0,29.27,0.0,0.0,0.0,0.0
-48.93,1.0,26.19,0.0,0.0,0.0,0.0
-47.48,1.0,24.84,0.0,0.0,0.0,0.0
-45.46,1.0,24.39,0.0,0.0,0.0,0.0
-40.6,1.0,24.73,0.0,0.0,0.0,0.0
-28.68,1.0,31.28,0.0,0.0,0.0,0.0
17.41,1.0,30.32,0.0,0.0,0.0,0.0
-49.26,1.0,27.09,0.0,0.0,0.0,0.0
-48.14,1.0,26.18,0.0,0.0,0.0,0.0
-46.25,1.0,24.82,0.0,0.0,0.0,0.0
-43.26,1.0,25.59,0.0,0.0,0.0,0.0
-35.26,1.0,27.64,0.0,0.0,0.0,0.0
-10.43,1.0,30.9,0.0,0.0,0.0,0.0
-50.34,1.0,28.93,0.0,0.0,0.0,0.0
-50.8,1.0,26.04,0.0,0.0,0.0,0.0
-51.57,1.0,25.08,0.0,0.0,0.0,0.0
-52.59,1.0,25.29,0.0,0.0,0.0,0.0
-53.67,1.0,25.09,0.0,0.0,0.0,0.0
-54.89,1.0,27.93,0.0,0.0,0.0,0.0
-56.65,1.0,30.7,0.0,0.0,0.0,0.0
-58.82,1.0,27.57,0.0,0.0,0.0,0.0
-61.46,1.0,24.31,0.0,0.0,0.0,0.0
-63.94,1.0,24.69,0.0,0.0,0.0,0.0
-66.5,1.0,24.86,0.0,0.0,0.0,0.0
-68.16,1.0,24.76,0.0,0.0,0.0,0.0
-69.34,1.0,30.97,0.0,0.0,0.0,0.0
-69.31,1.0,30.91,0.0,0.0,0.0,0.0
-68.93,1.0,26.96,0.0,0.0,0.0,0.0
-68.64,1.0,26.4,0.0,0.0,0.0,0.0
-68.24,1.0,26.51,0.0,0.0,0.0,0.0
-68.26,0.0,23.14,0.0,0.0,0.0,0.0
-69.75,0.0,18.22,0.0,0.0,0.0,0.0
-73.88,0.0,15.55,0.0,0.0,0.0,0.0
-79.23,0.0,5.13,0.0,0.0,0.0,0.0
-84.5,0.0,1.9,0.0,0.0,0.0,0.0
-85.78,0.0,0.52,0.0,0.0,0.0,0.0
-86.45,0.0,0.29,0.0,0.0,0.0,0.0
-87.17,0.0,0.64,0.0,0.0,0.0,0.0
-86.94,0.0,4.06,0.0,0.0,0.0,0.0
-86.57,0.0,7.55,0.0,0.0,0.0,0.0
-85.79,0.0,4.66,0.0,0.0,0.0,0.0
-85.24,0.0,2.8,0.0,0.0,0.0,0.0
-84.94,0.0,1.84,0.0,0.0,0.0,0.0
-85.1,0.0,3.27,0.0,0.0,0.0,0.0
-85.07,0.0,1.36,0.0,0.0,0.0,0.0
-85.39,0.0,6.78,0.0,0.0,0.0,0.0
-84.54,0.0,6.37,0.0,0.0,0.0,0.0
-84.41,0.0,3.83,0.0,0.0,0.0,0.0
-83.87,0.0,1.82,0.0,0.0,0.0,0.0
-83.68,0.0,2.37,0.0,0.0,0.0,0.0
-84.15,0.0,0.9,0.0,0.0,0.0,0.0
-84.53,0.0,2.45,0.0,0.0,0.0,0.0
-84.39,0.0,6.92,0.0,0.0,0.0,0.0
-83.87,0.0,5.92,0.0,0.0,0.0,0.0
-83.43,0.0,2.39,0.0,0.0,0.0,0.0
-82.96,0.0,1.82,0.0,0.0,0.0,0.0
-82.8,0.0,1.81,0.0,0.0,0.0,0.0
-83.08,0.0,3.27,0.0,0.0,0.0,0.0
-82.77,0.0,5.38,0.0,0.0,0.0,0.0
-82.69,0.0,6.92,0.0,0.0,0.0,0.0
-82.72,0.0,3.0,0.0,0.0,0.0,0.0
-82.69,0.0,1.46,0.0,0.0,0.0,0.0
-82.53,0.0,0.91,0.0,0.0,0.0,0.0
-82.69,0.0,1.92,0.0,0.0,0.0,0.0
-82.44,0.0,2.82,0.0,0.0,0.0,0.0
-82.31,0.0,6.35,0.0,0.0,0.0,0.0
-81.85,0.0,6.93,0.0,0.0,0.0,0.0
-81.65,0.0,3.46,0.0,0.0,0.0,0.0
-81.27,0.0,0.0,0.0,0.0,0.0,0.0
-82.0,0.0,0.0,0.0,0.0,0.0,0.0
-82.47,0.0,1.91,0.0,0.0,0.0,0.0
-82.0,0.0,3.36,0.0,0.0,0.0,0.0
-81.22,0.0,7.37,0.0,0.0,0.0,0.0
-80.6,0.0,6.34,0.0,0.0,0.0,0.0
-80.28,0.0,2.36,0.0,0.0,0.0,0.0
-80.18,0.0,2.38,0.0,0.0,0.0,0.0
-80.03,0.0,1.38,0.0,0.0,0.0,0.0
-80.61,0.0,1.36,0.0,0.0,0.0,0.0
-80.58,0.0,4.9,0.0,0.0,0.0,0.0
-80.44,0.0,7.0,0.0,0.0,0.0,0.0
-80.23,0.0,4.46,0.0,0.0,0.0,0.0
-79.95,0.0,1.45,0.0,0.0,0.0,0.0
-79.8,0.0,0.45,0.0,0.0,0.0,0.0
-80.22,0.0,1.36,0.0,0.0,0.0,0.0
-80.06,0.0,1.91,0.0,0.0,0.0,0.0
-79.79,0.0,7.38,0.0,0.0,0.0,0.0
-78.99,0.0,6.36,0.0,0.0,0.0,0.0
-79.09,0.0,4.37,0.0,0.0,0.0,0.0
-78.46,0.0,1.37,0.0,0.0,0.0,0.0
-78.29,0.0,2.36,0.0,0.0,0.0,0.0
-78.82,0.0,2.36,0.0,0.0,0.0,0.0
-78.52,0.0,3.92,0.0,0.0,0.0,0.0
-78.55,0.0,5.92,0.0,0.0,0.0,0.0
-78.54,0.0,5.46,0.0,0.0,0.0,0.0
-78.28,0.0,1.91,0.0,0.0,0.0,0.0
-78.24,0.0,0.91,0.0,0.0,0.0,0.0
-78.21,0.0,1.36,0.0,0.0,0.0,0.0
-78.42,0.0,3.27,0.0,0.0,0.0,0.0
-77.62,0.0,6.3,0.0,0.0,0.0,0.0
-76.75,0.0,7.81,0.0,0.0,0.0,0.0
-76.45,0.0,5.71,0.0,0.0,0.0,0.0
-76.09,0.0,2.26,0.0,0.0,0.0,0.0
-75.88,0.0,2.84,0.0,0.0,0.0,0.0
-76.08,0.0,3.3,0.0,0.0,0.0,0.0
-76.16,0.0,1.8,0.0,0.0,0.0,0.0
-76.58,0.0,7.82,0.0,0.0,0.0,0.0
-76.06,0.0,6.38,0.0,0.0,0.0,0.0
-76.16,0.0,3.92,0.0,0.0,0.0,0.0
-76.05,0.0,0.45,0.0,0.0,0.0,0.0
-76.44,0.0,0.0,0.0,0.0,0.0,0.0
-77.35,0.0,1.0,0.0,0.0,0.0,0.0
-77.25,0.0,2.0,0.0,0.0,0.0,0.0
-77.23,1.0,13.16,0.0,0.0,0.0,0.0
-72.86,1.0,36.2,0.0,0.0,0.0,0.0
-57.34,1.0,54.69,0.0,0.0,0.0,0.0
-26.24,1.0,63.71,0.0,0.0,0.0,0.0
-50.0,1.0,59.8,0.0,0.0,0.0,0.0
-2.44,1.0,52.46,0.0,0.0,0.0,0.0
-30.47,1.0,51.91,0.0,0.0,0.0,0.0
-50.0,1.0,47.66,0.0,0.0,0.0,0.0
-22.82,1.0,41.11,0.0,0.0,0.0,0.0
-50.0,1.0,36.14,0.0,0.0,0.0,0.0
-31.05,1.0,32.47,0.0,0.0,0.0,0.0
29.72,1.0,30.77,0.0,0.0,0.0,0.0
-42.45,1.0,31.56,0.0,0.0,0.0,0.0
-17.94,1.0,34.41,0.0,0.0,0.0,0.0
-47.18,1.0,34.76,0.0,0.0,0.0,0.0
-32.82,1.0,30.94,0.0,0.0,0.0,0.0
12.36,1.0,26.91,0.0,0.0,0.0,0.0
-45.0,1.0,26.07,0.0,0.0,0.0,0.0
-32.22,1.0,26.89,0.0,0.0,0.0,0.0
11.97,1.0,28.73,0.0,0.0,0.0,0.0
-46.56,1.0,31.61,0.0,0.0,0.0,0.0
-36.71,1.0,30.29,0.0,0.0,0.0,0.0
-8.77,1.0,25.15,0.0,0.0,0.0,0.0
-48.11,1.0,26.57,0.0,0.0,0.0,0.0
-41.9,1.0,26.53,0.0,0.0,0.0,0.0
-26.61,1.0,25.52,0.0,0.0,0.0,0.0
-50.0,1.0,30.42,0.0,0.0,0.0,0.0
-45.34,1.0,31.72,0.0,0.0,0.0,0.0
-36.21,1.0,28.94,0.0,0.0,0.0,0.0
-10.16,1.0,26.01,0.0,0.0,0.0,0.0
-48.71,1.0,25.08,0.0,0.0,0.0,0.0
-45.65,1.0,24.93,0.0,0.0,0.0,0.0
-38.49,1.0,26.34,0.0,0.0,0.0,0.0
-18.69,1.0,30.21,0.0,0.0,0.0,0.0
-50.0,1.0,30.31,0.0,0.0,0.0,0.0
-48.11,1.0,27.19,0.0,0.0,0.0,0.0
-44.36,1.0,25.11,0.0,0.0,0.0,0.0
-36.63,1.0,24.88,0.0,0.0,0.0,0.0
-15.23,1.0,24.53,0.0,0.0,0.0,0.0
-49.95,1.0,26.67,0.0,0.0,0.0,0.0
-48.21,1.0,29.6,0.0,0.0,0.0,0.0
-45.28,1.0,28.95,0.0,0.0,0.0,0.0
-38.61,1.0,25.14,0.0,0.0,0.0,0.0
-22.15,1.0,25.98,0.0,0.0,0.0,0.0
-50.0,1.0,26.24,0.0,0.0,0.0,0.0
-49.27,1.0,26.1,0.0,0.0,0.0,0.0
-47.24,1.0,27.93,0.0,0.0,0.0,0.0
-43.19,1.0,31.12,0.0,0.0,0.0,0.0
-34.02,1.0,29.05,0.0,0.0,0.0,0.0
-5.84,1.0,25.64,0.0,0.0,0.0,0.0
-49.11,1.0,24.85,0.0,0.0,0.0,0.0
-48.7,1.0,26.22,0.0,0.0,0.0,0.0
-47.01,1.0,26.05,0.0,0.0,0.0,0.0
-43.24,1.0,30.51,0.0,0.0,0.0,0.0
-34.66,1.0,30.7,0.0,0.0,0.0,0.0
-9.26,1.0,26.78,0.0,0.0,0.0,0.0
-49.71,1.0,25.08,0.0,0.0,0.0,0.0
-49.88,1.0,26.39,0.0,0.0,0.0,0.0
-49.58,1.0,25.34,0.0,0.0,0.0,0.0
-48.26,1.0,27.11,0.0,0.0,0.0,0.0
-45.54,1.0,32.09,0.0,0.0,0.0,0.0
-40.16,1.0,30.01,0.0,0.0,0.0,0.0
-26.06,1.0,25.5,0.0,0.0,0.0,0.0
29.07,1.0,26.36,0.0,0.0,0.0,0.0
-49.55,1.0,24.82,0.0,0.0,0.0,0.0
-49.25,1.0,26.04,0.0,0.0,0.0,0.0
-47.56,1.0,27.85,0.0,0.0,0.0,0.0
-44.52,1.0,32.13,0.0,0.0,0.0,0.0
-37.53,1.0,28.5,0.0,0.0,0.0,0.0
-19.08,1.0,26.35,0.0,0.0,0.0,0.0
-50.0,1.0,26.08,0.0,0.0,0.0,0.0
-50.26,1.0,25.73,0.0,0.0,0.0,0.0
-50.53,1.0,24.68,0.0,0.0,0.0,0.0
-51.05,1.0,30.16,0.0,0.0,0.0,0.0
-50.86,1.0,30.28,0.0,0.0,0.0,0.0
-50.47,1.0,28.26,0.0,0.0,0.0,0.0
-49.69,1.0,24.96,0.0,0.0,0.0,0.0
-48.35,1.0,26.21,0.0,0.0,0.0,0.0
-45.79,1.0,26.21,0.0,0.0,0.0,0.0
-39.76,1.0,27.85,0.0,0.0,0.0,0.0
-23.73,1.0,31.72,0.0,0.0,0.0,0.0
-50.0,1.0,28.87,0.0,0.0,0.0,0.0
-49.53,1.0,24.9,0.0,0.0,0.0,0.0
-48.95,0.0,23.95,0.0,0.0,0.0,0.0
-48.97,0.0,15.89,0.0,0.0,0.0,0.0
-53.28,0.0,9.67,0.0,0.0,0.0,0.0
-64.12,0.0,5.39,0.0,0.0,0.0,0.0
-78.62,0.0,6.68,0.0,0.0,0.0,0.0
-85.93,0.0,3.77,0.0,0.0,0.0,0.0
-87.75,0.0,1.87,0.0,0.0,0.0,0.0
-87.62,0.0,0.32,0.0,0.0,0.0,0.0
-88.45,0.0,0.35,0.0,0.0,0.0,0.0
-88.68,0.0,0.39,0.0,0.0,0.0,0.0
-88.27,0.0,6.25,0.0,0.0,0.0,0.0
-87.45,0.0,6.36,0.0,0.0,0.0,0.0
-86.86,0.0,3.36,0.0,0.0,0.0,0.0
-86.41,0.0,1.34,0.0,0.0,0.0,0.0
-86.42,0.0,1.91,0.0,0.0,0.0,0.0
-86.83,0.0,1.46,0.0,0.0,0.0,0.0
-86.99,0.0,2.92,0.0,0.0,0.0,0.0
-86.95,0.0,6.9,0.0,0.0,0.0,0.0
-86.33,0.0,4.91,0.0,0.0,0.0,0.0
-86.15,0.0,2.37,0.0,0.0,0.0,0.0
-85.32,0.0,0.9,0.0,0.0,0.0,0.0
-85.55,0.0,0.9,0.0,0.0,0.0,0.0
-85.92,0.0,1.34,0.0,0.0,0.0,0.0
-85.59,0.0,6.39,0.0,0.0,0.0,0.0
-85.02,0.0,7.28,0.0,0.0,0.0,0.0
-84.74,0.0,4.37,0.0,0.0,0.0,0.0
-84.42,0.0,1.8,0.0,0.0,0.0,0.0
-83.95,0.0,2.36,0.0,0.0,0.0,0.0
-84.45,0.0,1.38,0.0,0.0,0.0,0.0
-84.69,0.0,0.91,0.0,0.0,0.0,0.0
-84.76,0.0,6.93,0.0,0.0,0.0,0.0
-84.08,0.0,6.91,0.0,0.0,0.0,0.0
-83.87,0.0,1.91,0.0,0.0,0.0,0.0
-83.8,0.0,0.91,0.0,0.0,0.0,0.0
-83.47,0.0,2.81,0.0,0.0,0.0,0.0
-83.28,0.0,2.84,0.0,0.0,0.0,0.0
-83.19,0.0,3.82,0.0,0.0,0.0,0.0
-83.04,0.0,6.82,0.0,0.0,0.0,0.0
-82.75,0.0,5.81,0.0,0.0,0.0,0.0
-82.54,0.0,2.8,0.0,0.0,0.0,0.0
-82.28,0.0,2.84,0.0,0.0,0.0,0.0
-82.26,0.0,1.85,0.0,0.0,0.0,0.0
-82.7,0.0,2.84,0.0,0.0,0.0,0.0
-82.33,0.0,5.37,0.0,0.0,0.0,0.0
-82.37,0.0,6.9,0.0,0.0,0.0,0.0
-82.39,0.0,4.35,0.0,0.0,0.0,0.0
-81.38,0.0,1.83,0.0,0.0,0.0,0.0
-81.26,0.0,2.83,0.0,0.0,0.0,0.0
-81.45,0.0,2.83,0.0,0.0,0.0,0.0
-81.52,0.0,2.36,0.0,0.0,0.0,0.0
-81.57,0.0,6.35,0.0,0.0,0.0,0.0
-81.12,0.0,6.84,0.0,0.0,0.0,0.0
-80.61,0.0,3.29,0.0,0.0,0.0,0.0
-80.36,0.0,1.36,0.0,0.0,0.0,0.0
-80.45,0.0,1.81,0.0,0.0,0.0,0.0
-80.48,0.0,1.35,0.0,0.0,0.0,0.0
-80.5,0.0,4.86,0.0,0.0,0.0,0.0
-79.89,0.0,7.36,0.0,0.0,0.0,0.0
-79.91,0.0,5.35,0.0,0.0,0.0,0.0
-79.58,0.0,1.92,0.0,0.0,0.0,0.0
-79.65,0.0,1.9,0.0,0.0,0.0,0.0
-80.06,0.0,1.9,0.0,0.0,0.0,0.0
-80.03,0.0,1.38,0.0,0.0,0.0,0.0
-79.75,0.0,6.39,0.0,0.0,0.0,0.0
-79.55,0.0,7.46,0.0,0.0,0.0,0.0
-79.43,0.0,4.46,0.0,0.0,0.0,0.0
-79.05,0.0,0.46,0.0,0.0,0.0,0.0
-79.11,0.0,1.91,0.0,0.0,0.0,0.0
-79.15,0.0,1.36,0.0,0.0,0.0,0.0
-79.3,0.0,2.36,0.0,0.0,0.0,0.0
-79.21,0.0,7.35,0.0,0.0,0.0,0.0
-78.6,0.0,7.84,0.0,0.0,0.0,0.0
-77.74,0.0,3.85,0.0,0.0,0.0,0.0
-77.72,0.0,1.8,0.0,0.0,0.0,0.0
-77.54,0.0,2.81,0.0,0.0,0.0,0.0
-77.91,0.0,1.35,0.0,0.0,0.0,0.0
-78.34,0.0,4.37,0.0,0.0,0.0,0.0
-78.23,0.0,5.91,0.0,0.0,0.0,0.0
-78.17,0.0,5.92,0.0,0.0,0.0,0.0
-77.66,0.0,1.82,0.0,0.0,0.0,0.0
-76.96,0.0,1.8,0.0,0.0,0.0,0.0
-77.26,0.0,1.81,0.0,0.0,0.0,0.0
-77.47,1.0,10.72,0.0,0.0,0.0,0.0
-72.73,1.0,37.35,0.0,0.0,0.0,0.0
-57.62,1.0,59.21,0.0,0.0,0.0,0.0
-27.37,1.0,65.24,0.0,0.0,0.0,0.0
-50.0,1.0,59.67,0.0,0.0,0.0,0.0
-3.63,1.0,54.56,0.0,0.0,0.0,0.0
-30.01,1.0,46.75,0.0,0.0,0.0,0.0
-50.0,1.0,43.0,0.0,0.0,0.0,0.0
-23.94,1.0,43.42,0.0,0.0,0.0,0.0
-50.0,1.0,40.29,0.0,0.0,0.0,0.0
-31.43,1.0,33.98,0.0,0.0,0.0,0.0
26.47,1.0,31.14,0.0,0.0,0.0,0.0
-42.3,1.0,31.03,0.0,0.0,0.0,0.0
-18.72,1.0,30.13,0.0,0.0,0.0,0.0
-47.7,1.0,31.45,0.0,0.0,0.0,0.0
-34.77,1.0,33.64,0.0,0.0,0.0,0.0
2.41,1.0,31.28,0.0,0.0,0.0,0.0
-44.74,1.0,26.3,0.0,0.0,0.0,0.0
-31.75,1.0,26.0,0.0,0.0,0.0,0.0
10.79,1.0,25.71,0.0,0.0,0.0,0.0
-47.7,1.0,25.15,0.0,0.0,0.0,0.0
-39.59,1.0,29.24,0.0,0.0,0.0,0.0
-18.86,1.0,31.59,0.0,0.0,0.0,0.0
-50.0,1.0,29.52,0.0,0.0,0.0,0.0
-45.17,1.0,25.1,0.0,0.0,0.0,0.0
-35.94,1.0,26.22,0.0,0.0,0.0,0.0
-10.16,1.0,26.28,0.0,0.0,0.0,0.0
-49.57,1.0,27.42,0.0,0.0,0.0,0.0
-45.11,1.0,31.4,0.0,0.0,0.0,0.0
-35.73,1.0,31.18,0.0,0.0,0.0,0.0
-9.42,1.0,26.87,0.0,0.0,0.0,0.0
-49.04,1.0,26.0,0.0,0.0,0.0,0.0
-46.2,1.0,24.63,0.0,0.0,0.0,0.0
-40.96,1.0,24.68,0.0,0.0,0.0,0.0
-26.54,1.0,28.09,0.0,0.0,0.0,0.0
-50.0,1.0,31.04,0.0,0.0,0.0,0.0
-48.07,1.0,29.91,0.0,0.0,0.0,0.0
-44.59,1.0,26.36,0.0,0.0,0.0,0.0
-37.31,1.0,25.76,0.0,0.0,0.0,0.0
-18.23,1.0,24.95,0.0,0.0,0.0,0.0
-50.0,1.0,24.61,0.0,0.0,0.0,0.0
-48.84,1.0,28.97,0.0,0.0,0.0,0.0
-46.91,1.0,31.04,0.0,0.0,0.0,0.0
-42.33,1.0,27.09,0.0,0.0,0.0,0.0
-32.5,1.0,26.6,0.0,0.0,0.0,0.0
-0.23,1.0,25.25,0.0,0.0,0.0,0.0
-50.19,1.0,25.86,0.0,0.0,0.0,0.0
-49.47,1.0,26.97,0.0,0.0,0.0,0.0
-47.56,1.0,31.0,0.0,0.0,0.0,0.0
-44.33,1.0,29.81,0.0,0.0,0.0,0.0
-37.32,1.0,25.88,0.0,0.0,0.0,0.0
-18.52,1.0,26.16,0.0,0.0,0.0,0.0
-50.0,1.0,26.37,0.0,0.0,0.0,0.0
-49.65,1.0,25.85,0.0,0.0,0.0,0.0
-48.59,1.0,27.75,0.0,0.0,0.0,0.0
-46.51,1.0,30.95,0.0,0.0,0.0,0.0
-42.07,1.0,28.82,0.0,0.0,0.0,0.0
-31.45,1.0,25.06,0.0,0.0,0.0,0.0
2.46,1.0,25.03,0.0,0.0,0.0,0.0
-50.26,1.0,25.83,0.0,0.0,0.0,0.0
-50.0,1.0,26.14,0.0,0.0,0.0,0.0
-48.86,1.0,29.58,0.0,0.0,0.0,0.0
-46.87,1.0,30.93,0.0,0.0,0.0,0.0
-43.08,1.0,28.35,0.0,0.0,0.0,0.0
-34.52,1.0,26.17,0.0,0.0,0.0,0.0
-8.44,1.0,26.35,0.0,0.0,0.0,0.0
-49.98,1.0,24.83,0.0,0.0,0.0,0.0
-49.89,1.0,25.98,0.0,0.0,0.0,0.0
-49.57,1.0,29.92,0.0,0.0,0.0,0.0
-48.73,1.0,30.0,0.0,0.0,0.0,0.0
-46.81,1.0,25.61,0.0,0.0,0.0,0.0
-43.49,1.0,24.76,0.0,0.0,0.0,0.0
-36.24,1.0,25.54,0.0,0.0,0.0,0.0
-14.86,1.0,26.09,0.0,0.0,0.0,0.0
-50.32,1.0,28.02,0.0,0.0,0.0,0.0
-49.54,1.0,31.24,0.0,0.0,0.0,0.0
-48.44,1.0,29.3,0.0,0.0,0.0,0.0
-45.81,1.0,24.74,0.0,0.0,0.0,0.0
-41.14,1.0,24.85,0.0,0.0,0.0,0.0
-30.07,1.0,24.66,0.0,0.0,0.0,0.0
9.87,1.0,24.67,0.0,0.0,0.0,0.0
-50.75,1.0,29.12,0.0,0.0,0.0,0.0
-50.51,1.0,30.34,0.0,0.0,0.0,0.0
-50.33,0.0,25.19,0.0,0.0,0.0,0.0
-51.87,0.0,17.06,0.0,0.0,0.0,0.0
-58.1,0.0,9.8,0.0,0.0,0.0,0.0
-70.59,0.0,0.19,0.0,0.0,0.0,0.0
-83.53,0.0,2.23,0.0,0.0,0.0,0.0
-88.16,0.0,5.52,0.0,0.0,0.0,0.0
-88.7,0.0,5.87,0.0,0.0,0.0,0.0
-88.44,0.0,2.65,0.0,0.0,0.0,0.0
-87.75,0.0,1.71,0.0,0.0,0.0,0.0
-87.83,0.0,0.39,0.0,0.0,0.0,0.0
-88.82,0.0,0.85,0.0,0.0,0.0,0.0
-88.31,0.0,5.38,0.0,0.0,0.0,0.0
-87.34,0.0,8.27,0.0,0.0,0.0,0.0
-86.84,0.0,6.73,0.0,0.0,0.0,0.0
-86.0,0.0,1.82,0.0,0.0,0.0,0.0
-86.2,0.0,0.91,0.0,0.0,0.0,0.0
-86.65,0.0,1.45,0.0,0.0,0.0,0.0
-87.11,0.0,1.9,0.0,0.0,0.0,0.0
-86.87,0.0,5.8,0.0,0.0,0.0,0.0
-86.1,0.0,6.37,0.0,0.0,0.0,0.0
-86.12,0.0,3.92,0.0,0.0,0.0,0.0
-85.63,0.0,1.92,0.0,0.0,0.0,0.0
-85.52,0.0,0.46,0.0,0.0,0.0,0.0
-85.95,0.0,1.46,0.0,0.0,0.0,0.0
-85.81,0.0,2.35,0.0,0.0,0.0,0.0
-85.83,0.0,6.91,0.0,0.0,0.0,0.0
-85.32,0.0,7.36,0.0,0.0,0.0,0.0
-84.76,0.0,2.38,0.0,0.0,0.0,0.0
-84.68,0.0,0.91,0.0,0.0,0.0,0.0
-84.52,0.0,1.36,0.0,0.0,0.0,0.0
-84.81,0.0,1.36,0.0,0.0,0.0,0.0
-84.71,0.0,6.74,0.0,0.0,0.0,0.0
-83.58,0.0,9.22,0.0,0.0,0.0,0.0
-82.99,0.0,6.74,0.0,0.0,0.0,0.0
-82.5,0.0,3.27,0.0,0.0,0.0,0.0
-82.38,0.0,2.35,0.0,0.0,0.0,0.0
-83.15,0.0,1.38,0.0,0.0,0.0,0.0
-83.79,0.0,0.91,0.0,0.0,0.0,0.0
-83.9,0.0,6.37,0.0,0.0,0.0,0.0
-83.31,0.0,7.27,0.0,0.0,0.0,0.0
-82.63,0.0,3.36,0.0,0.0,0.0,0.0
-82.14,0.0,1.78,0.0,0.0,0.0,0.0
-81.94,0.0,2.85,0.0,0.0,0.0,0.0
-82.18,0.0,1.37,0.0,0.0,0.0,0.0
-82.58,0.0,3.37,0.0,0.0,0.0,0.0
-82.49,0.0,6.9,0.0,0.0,0.0,0.0
-82.18,0.0,5.45,0.0,0.0,0.0,0.0
-81.92,0.0,0.45,0.0,0.0,0.0,0.0
-81.77,0.0,1.45,0.0,0.0,0.0,0.0
-81.75,0.0,1.45,0.0,0.0,0.0,0.0
-81.98,0.0,1.91,0.0,0.0,0.0,0.0
-81.87,0.0,4.92,0.0,0.0,0.0,0.0
-81.4,0.0,7.92,0.0,0.0,0.0,0.0
-81.12,0.0,5.36,0.0,0.0,0.0,0.0
-80.47,0.0,1.84,0.0,0.0,0.0,0.0
-80.06,0.0,2.82,0.0,0.0,0.0,0.0
-80.24,0.0,1.78,0.0,0.0,0.0,0.0
-80.55,0.0,1.93,0.0,0.0,0.0,0.0
-80.68,0.0,6.37,0.0,0.0,0.0,0.0
-80.37,0.0,6.35,0.0,0.0,0.0,0.0
-80.34,0.0,3.91,0.0,0.0,0.0,0.0
-79.89,0.0,0.91,0.0,0.0,0.0,0.0
-79.81,0.0,1.46,0.0,0.0,0.0,0.0
-80.31,0.0,0.91,0.0,0.0,0.0,0.0
-80.3,0.0,1.9,0.0,0.0,0.0,0.0
-79.97,0.0,5.93,0.0,0.0,0.0,0.0
-79.6,0.0,5.91,0.0,0.0,0.0,0.0
-79.3,0.0,0.92,0.0,0.0,0.0,0.0
-79.43,0.0,0.91,0.0,0.0,0.0,0.0
-79.41,0.0,0.9,0.0,0.0,0.0,0.0
-79.59,0.0,1.0,0.0,0.0,0.0,0.0
-79.61,0.0,4.0,0.0,0.0,0.0,0.0
-79.48,0.0,6.91,0.0,0.0,0.0,0.0
-78.86,0.0,5.36,0.0,0.0,0.0,0.0
-77.92,0.0,1.81,0.0,0.0,0.0,0.0
-77.7,0.0,1.83,0.0,0.0,0.0,0.0
-77.68,0.0,2.37,0.0,0.0,0.0,0.0
-77.75,0.0,1.82,0.0,0.0,0.0,0.0
-77.72,0.0,5.81,0.0,0.0,0.0,0.0
-77.69,0.0,5.89,0.0,0.0,0.0,0.0
-77.83,0.0,2.91,0.0,0.0,0.0,0.0
-77.53,0.0,1.38,0.0,0.0,0.0,0.0
-77.59,1.0,10.2,0.0,0.0,0.0,0.0
-73.11,1.0,34.19,0.0,0.0,0.0,0.0
-57.89,1.0,56.97,0.0,0.0,0.0,0.0
-27.05,1.0,67.53,0.0,0.0,0.0,0.0
-50.0,1.0,65.78,0.0,0.0,0.0,0.0
-3.86,1.0,51.78,0.0,0.0,0.0,0.0
-30.29,1.0,47.67,0.0,0.0,0.0,0.0
-50.0,1.0,42.05,0.0,0.0,0.0,0.0
-24.04,1.0,38.53,0.0,0.0,0.0,0.0
-50.0,1.0,39.66,0.0,0.0,0.0,0.0
-30.36,1.0,39.04,0.0,0.0,0.0,0.0
-50.0,1.0,35.53,0.0,0.0,0.0,0.0
-35.75,1.0,29.88,0.0,0.0,0.0,0.0
2.24,1.0,28.66,0.0,0.0,0.0,0.0
-44.17,1.0,28.7,0.0,0.0,0.0,0.0
-26.99,1.0,28.2,0.0,0.0,0.0,0.0
-50.0,1.0,31.82,0.0,0.0,0.0,0.0
-42.16,1.0,32.64,0.0,0.0,0.0,0.0
-24.6,1.0,27.89,0.0,0.0,0.0,0.0
-50.0,1.0,26.88,0.0,0.0,0.0,0.0
-44.68,1.0,25.84,0.0,0.0,0.0,0.0
-33.86,1.0,25.45,0.0,0.0,0.0,0.0
0.92,1.0,27.52,0.0,0.0,0.0,0.0
-47.65,1.0,30.18,0.0,0.0,0.0,0.0
-41.23,1.0,29.97,0.0,0.0,0.0,0.0
-25.85,1.0,26.24,0.0,0.0,0.0,0.0
-50.0,1.0,25.29,0.0,0.0,0.0,0.0
-47.24,1.0,25.42,0.0,0.0,0.0,0.0
-41.6,1.0,25.29,0.0,0.0,0.0,0.0
-26.93,1.0,29.34,0.0,0.0,0.0,0.0
-50.0,1.0,30.99,0.0,0.0,0.0,0.0
-47.93,1.0,29.01,0.0,0.0,0.0,0.0
-43.69,1.0,24.45,0.0,0.0,0.0,0.0
-34.77,1.0,26.05,0.0,0.0,0.0,0.0
-7.93,1.0,26.02,0.0,0.0,0.0,0.0
-49.83,1.0,25.91,0.0,0.0,0.0,0.0
-47.82,1.0,30.98,0.0,0.0,0.0,0.0
-43.81,1.0,30.03,0.0,0.0,0.0,0.0
-35.0,1.0,27.2,0.0,0.0,0.0,0.0
-9.11,1.0,26.02,0.0,0.0,0.0,0.0
-48.92,1.0,25.12,0.0,0.0,0.0,0.0
-47.39,1.0,25.98,0.0,0.0,0.0,0.0
-43.81,1.0,27.94,0.0,0.0,0.0,0.0
