Stim,Trigger
0.0,1.0
0.6283019941676303,0.0
1.256504772166874,0.0
1.884509133496727,0.0
2.5122159089884777,0.0
3.1395259764656687,0.0
3.7663402763966363,0.0
4.392559827537158,0.0
5.018085742560745,0.0
5.642819243674084,0.0
6.266661678215213,0.0
6.889514534231902,0.0
7.511279456037853,0.0
8.131858259744181,0.0
8.751152948763801,0.0
9.36906572928623,0.0
9.985499025720351,0.0
10.60035549610273,0.0
11.213538047469058,0.0
11.824949851186235,0.0
12.43449435824274,0.0
13.042075314494847,0.0
13.647596775866258,0.0
14.250963123498806,0.0
14.852079078851746,0.0
15.450849718747369,0.0
16.04718049036048,0.0
16.64097722614933,0.0
17.232146158725854,0.0
17.820593935662536,0.0
18.406227634233897,0.0
18.988954776090054,0.0
19.568683341860122,0.0
20.14532178568313,0.0
20.718779049664207,0.0
21.288964578253633,0.0
21.855788332546645,0.0
22.41916080450161,0.0
22.978993031074392,0.0
23.535196608266627,0.0
24.087683705085766,0.0
24.636367077414576,0.0
25.18116008178804,0.0
25.72197668907532,0.0
26.25873149806478,0.0
26.791339748949834,0.0
27.319717336713456,0.0
27.843780824409397,0.0
28.363447456337827,0.0
28.878635171113377,0.0
29.389262614623657,0.0
29.89524915287594,0.0
30.396514884730273,0.0
30.892980654516716,0.0
31.384568064535024,0.0
31.871199487434488,0.0
32.35279807847221,0.0
32.82928778764782,0.0
33.30059337171258,0.0
33.766640406051216,0.0
34.22735529643443,0.0
34.682665290640244,0.0
35.132498489942456,0.0
35.57678386046427,0.0
36.015451244395344,0.0
36.44843137107057,0.0
36.8756558679087,0.0
37.297057271209106,0.0
37.712569036805185,0.0
38.12212555057239,0.0
38.525662138789464,0.0
38.923115078351174,0.0
39.31442160683095,0.0
39.699519932391766,0.0
40.078349243543826,0.0
40.45084971874737,0.0
40.8169625358592,0.0
41.17662988142137,0.0
41.52979495979063,0.0
41.876402002107085,0.0
42.216396275100756,0.0
42.54972408973459,0.0
42.87633280968261,0.0
43.19617085964177,0.0
43.50918773347628,0.0
43.81533400219318,0.0
44.114561321747665,0.0
44.406822440677225,0.0
44.69207120756318,0.0
44.970262578318554,0.0
45.241352623300976,0.0
45.50529853424978,0.0
45.762058631045875,0.0
46.01159236829351,0.0
46.253860341722906,0.0
46.488824294412574,0.0
46.7164471228306,0.0
46.936692882693706,0.0
47.14952679464322,0.0
47.35491524973722,0.0
47.552825814757675,0.0
47.74322723733215,0.0
47.926089450868794,0.0
48.10138357930429,0.0
48.26908194166369,0.0
48.429158056431554,0.0
48.581586645733694,0.0
48.72634363932885,0.0
48.863406178409676,0.0
48.99275261921234,0.0
49.114362536434435,0.0
49.22821672646027,0.0
49.3342972103934,0.0
49.432587236895706,0.0
49.52307128483256,0.0
49.60573506572389,0.0
49.68056552600042,0.0
49.74755084906501,0.0
49.80668045715863,0.0
49.857945013030694,0.0
49.901336421413575,0.0
49.93684783030087,0.0
49.96447363202946,0.0
49.984209464165,0.0
49.996052210190804,0.0
50.0,0.0
49.996052210190804,0.0
49.984209464165,0.0
49.96447363202946,0.0
49.93684783030087,0.0
49.901336421413575,0.0
49.857945013030694,0.0
49.80668045715863,0.0
49.74755084906501,0.0
49.68056552600042,0.0
49.60573506572389,0.0
49.52307128483256,0.0
49.4325872368957,0.0
49.3342972103934,0.0
49.228216726460275,0.0
49.114362536434435,0.0
48.99275261921234,0.0
48.863406178409676,0.0
48.72634363932885,0.0
48.5815866457337,0.0
48.42915805643156,0.0
48.26908194166369,0.0
48.10138357930429,0.0
47.926089450868794,0.0
47.74322723733215,0.0
47.55282581475768,0.0
47.35491524973722,0.0
47.14952679464323,0.0
46.936692882693706,0.0
46.71644712283061,0.0
46.488824294412574,0.0
46.253860341722906,0.0
46.01159236829352,0.0
45.762058631045875,0.0
45.50529853424978,0.0
45.241352623300976,0.0
44.97026257831856,0.0
44.692071207563195,0.0
44.40682244067723,0.0
44.11456132174767,0.0
43.81533400219318,0.0
43.509187733476274,0.0
43.19617085964177,0.0
42.87633280968261,0.0
42.54972408973459,0.0
42.216396275100756,0.0
41.876402002107085,0.0
41.529794959790635,0.0
41.17662988142138,0.0
40.816962535859204,0.0
40.45084971874737,0.0
40.07834924354384,0.0
39.699519932391766,0.0
39.31442160683094,0.0
38.923115078351174,0.0
38.525662138789464,0.0
38.12212555057239,0.0
37.7125690368052,0.0
37.29705727120911,0.0
36.8756558679087,0.0
36.44843137107059,0.0
36.01545124439535,0.0
35.57678386046425,0.0
35.132498489942456,0.0
34.682665290640244,0.0
34.227355296434425,0.0
33.76664040605123,0.0
33.30059337171258,0.0
32.82928778764782,0.0
32.352798078472226,0.0
31.87119948743449,0.0
31.384568064535028,0.0
30.892980654516734,0.0
30.396514884730262,0.0
29.895249152875934,0.0
29.38926261462366,0.0
28.87863517111338,0.0
28.36344745633782,0.0
27.843780824409407,0.0
27.319717336713463,0.0
26.791339748949834,0.0
26.2587314980648,0.0
25.721976689075333,0.0
25.18116008178803,0.0
24.63636707741458,0.0
24.08768370508576,0.0
23.53519660826662,0.0
22.9789930310744,0.0
22.419160804501615,0.0
21.855788332546645,0.0
21.288964578253644,0.0
20.718779049664214,0.0
20.145321785683137,0.0
19.56868334186014,0.0
18.98895477609005,0.0
18.406227634233886,0.0
17.82059393566254,0.0
17.232146158725854,0.0
16.640977226149325,0.0
16.047180490360486,0.0
15.450849718747376,0.0
14.852079078851746,0.0
14.250963123498822,0.0
13.647596775866273,0.0
13.042075314494852,0.0
12.434494358242741,0.0
11.82494985118623,0.0
11.21353804746905,0.0
10.60035549610274,0.0
9.985499025720353,0.0
9.369065729286229,0.0
8.751152948763815,0.0
8.131858259744188,0.0
7.511279456037856,0.0
6.889514534231924,0.0
6.266661678215227,0.0
5.642819243674071,0.0
5.018085742560749,0.0
4.392559827537157,0.0
3.76634027639663,0.0
3.139525976465679,0.0
2.512215908988483,0.0
1.8845091334967268,0.0
1.2565047721668907,0.0
0.6283019941676418,0.0
6.123233995736766e-15,0.0
-0.6283019941676296,0.0
-1.2565047721668785,0.0
-1.8845091334967368,0.0
-2.512215908988471,0.0
-3.1395259764656673,0.0
-3.7663402763966394,0.0
-4.392559827537145,0.0
-5.018085742560737,0.0
-5.642819243674082,0.0
-6.2666616782151925,0.0
-6.889514534231889,0.0
-7.511279456037865,0.0
-8.131858259744176,0.0
-8.751152948763805,0.0
-9.369065729286238,0.0
-9.985499025720342,0.0
-10.600355496102727,0.0
-11.21353804746906,0.0
-11.824949851186219,0.0
-12.434494358242729,0.0
-13.042075314494841,0.0
-13.64759677586626,0.0
-14.250963123498812,0.0
-14.852079078851755,0.0
-15.450849718747364,0.0
-16.047180490360475,0.0
-16.640977226149335,0.0
-17.232146158725843,0.0
-17.82059393566253,0.0
-18.406227634233897,0.0
-18.988954776090036,0.0
-19.56868334186011,0.0
-20.145321785683144,0.0
-20.718779049664203,0.0
-21.288964578253633,0.0
-21.855788332546652,0.0
-22.419160804501605,0.0
-22.97899303107439,0.0
-23.535196608266627,0.0
-24.087683705085748,0.0
-24.63636707741457,0.0
-25.181160081788036,0.0
-25.721976689075305,0.0
-26.25873149806479,0.0
-26.791339748949838,0.0
-27.31971733671345,0.0
-27.843780824409397,0.0
-28.363447456337827,0.0
-28.87863517111337,0.0
-29.38926261462365,0.0
-29.89524915287594,0.0
-30.39651488473025,0.0
-30.892980654516705,0.0
-31.384568064535017,0.0
-31.87119948743448,0.0
-32.35279807847222,0.0
-32.82928778764783,0.0
-33.30059337171257,0.0
-33.766640406051216,0.0
-34.22735529643444,0.0
-34.68266529064024,0.0
-35.132498489942456,0.0
-35.57678386046426,0.0
-36.01545124439533,0.0
-36.448431371070576,0.0
-36.875655867908705,0.0
-37.297057271209106,0.0
-37.712569036805185,0.0
-38.12212555057239,0.0
-38.52566213878947,0.0
-38.92311507835116,0.0
-39.314421606830926,0.0
-39.69951993239175,0.0
-40.07834924354382,0.0
-40.450849718747364,0.0
-40.8169625358592,0.0
-41.17662988142137,0.0
-41.529794959790614,0.0
-41.87640200210709,0.0
-42.216396275100735,0.0
-42.54972408973458,0.0
-42.87633280968263,0.0
-43.19617085964176,0.0
-43.50918773347628,0.0
-43.81533400219318,0.0
-44.11456132174767,0.0
-44.40682244067721,0.0
-44.692071207563195,0.0
-44.97026257831854,0.0
-45.24135262330097,0.0
-45.505298534249775,0.0
-45.762058631045875,0.0
-46.01159236829352,0.0
-46.253860341722906,0.0
-46.488824294412574,0.0
-46.71644712283059,0.0
-46.936692882693706,0.0
-47.149526794643215,0.0
-47.35491524973721,0.0
-47.552825814757675,0.0
-47.74322723733215,0.0
-47.92608945086878,0.0
-48.1013835793043,0.0
-48.2690819416637,0.0
-48.42915805643155,0.0
-48.5815866457337,0.0
-48.72634363932885,0.0
-48.86340617840967,0.0
-48.99275261921234,0.0
-49.114362536434435,0.0
-49.22821672646026,0.0
-49.33429721039341,0.0
-49.432587236895706,0.0
-49.52307128483256,0.0
-49.60573506572389,0.0
-49.68056552600042,0.0
-49.74755084906501,0.0
-49.80668045715863,0.0
-49.857945013030694,0.0
-49.901336421413575,0.0
-49.93684783030087,0.0
-49.96447363202946,0.0
-49.984209464165,0.0
-49.996052210190804,0.0
-50.0,0.0
-49.996052210190804,0.0
-49.984209464165,0.0
-49.96447363202946,0.0
-49.93684783030088,0.0
-49.901336421413575,0.0
-49.857945013030694,0.0
-49.80668045715863,0.0
-49.74755084906501,0.0
-49.68056552600042,0.0
-49.60573506572389,0.0
-49.52307128483256,0.0
-49.4325872368957,0.0
-49.33429721039341,0.0
-49.22821672646027,0.0
-49.114362536434435,0.0
-48.99275261921235,0.0
-48.863406178409676,0.0
-48.72634363932885,0.0
-48.5815866457337,0.0
-48.429158056431554,0.0
-48.269081941663686,0.0
-48.101383579304304,0.0
-47.92608945086879,0.0
-47.74322723733215,0.0
-47.55282581475768,0.0
-47.35491524973722,0.0
-47.14952679464322,0.0
-46.93669288269372,0.0
-46.716447122830594,0.0
-46.48882429441258,0.0
-46.25386034172291,0.0
-46.011592368293506,0.0
-45.76205863104588,0.0
-45.50529853424979,0.0
-45.241352623300976,0.0
-44.97026257831855,0.0
-44.6920712075632,0.0
-44.40682244067722,0.0
-44.11456132174767,0.0
-43.81533400219319,0.0
-43.50918773347627,0.0
-43.19617085964177,0.0
-42.876332809682616,0.0
-42.54972408973459,0.0
-42.21639627510075,0.0
-41.876402002107106,0.0
-41.52979495979062,0.0
-41.176629881421384,0.0
-40.81696253585921,0.0
-40.45084971874738,0.0
-40.07834924354383,0.0
-39.699519932391766,0.0
-39.31442160683094,0.0
-38.92311507835116,0.0
-38.52566213878948,0.0
-38.12212555057238,0.0
-37.7125690368052,0.0
-37.29705727120912,0.0
-36.875655867908705,0.0
-36.448431371070576,0.0
-36.01545124439537,0.0
-35.57678386046426,0.0
-35.13249848994245,0.0
-34.682665290640266,0.0
-34.22735529643441,0.0
-33.76664040605123,0.0
-33.30059337171259,0.0
-32.82928778764783,0.0
-32.35279807847222,0.0
-31.871199487434517,0.0
-31.384568064535014,0.0
-30.892980654516737,0.0
-30.396514884730287,0.0
-29.89524915287592,0.0
-29.389262614623668,0.0
-28.878635171113388,0.0
-28.363447456337827,0.0
-27.843780824409397,0.0
-27.319717336713484,0.0
-26.791339748949817,0.0
-26.2587314980648,0.0
-25.721976689075337,0.0
-25.18116008178805,0.0
-24.636367077414583,0.0
-24.087683705085766,0.0
-23.535196608266627,0.0
-22.978993031074385,0.0
-22.41916080450164,0.0
-21.855788332546627,0.0
-21.28896457825365,0.0
-20.71877904966422,0.0
-20.145321785683144,0.0
-19.568683341860122,0.0
-18.988954776090093,0.0
-18.406227634233893,0.0
-17.820593935662522,0.0
-17.23214615872588,0.0
-16.64097722614931,0.0
-16.04718049036049,0.0
-15.450849718747383,0.0
-14.852079078851752,0.0
-14.250963123498808,0.0
-13.6475967758663,0.0
-13.042075314494838,0.0
-12.434494358242768,0.0
-11.824949851186258,0.0
-11.213538047469035,0.0
-10.600355496102745,0.0
-9.98549902572036,0.0
-9.369065729286234,0.0
-8.751152948763801,0.0
-8.131858259744217,0.0
-7.5112794560378395,0.0
-6.889514534231929,0.0
-6.2666616782152325,0.0
-5.642819243674055,0.0
-5.018085742560754,0.0
-4.392559827537164,0.0
-3.7663402763966363,0.0
-3.1395259764656633,0.0
-2.512215908988511,0.0
-1.8845091334967108,0.0
-1.256504772166897,0.0
-0.628301994167648,0.0
-1.2246467991473532e-14,0.0
0.6283019941676234,0.0
1.2565047721668723,0.0
1.8845091334967305,0.0
2.512215908988487,0.0
3.139525976465639,0.0
3.7663402763966554,0.0
4.39255982753714,0.0
5.01808574256073,0.0
5.642819243674076,0.0
6.2666616782152085,0.0
6.889514534231861,0.0
7.51127945603786,0.0
8.131858259744192,0.0
8.751152948763776,0.0
9.369065729286254,0.0
9.985499025720335,0.0
10.600355496102722,0.0
11.213538047469054,0.0
11.824949851186235,0.0
12.4344943582427,0.0
13.042075314494856,0.0
13.647596775866234,0.0
14.250963123498783,0.0
14.852079078851771,0.0
15.450849718747358,0.0
16.047180490360468,0.0
16.64097722614933,0.0
17.232146158725854,0.0
17.8205939356625,0.0
18.40622763423391,0.0
18.98895477609003,0.0
19.5686833418601,0.0
20.14532178568312,0.0
20.7187790496642,0.0
21.288964578253626,0.0
21.85578833254665,0.0
22.41916080450162,0.0
22.978993031074364,0.0
23.53519660826664,0.0
24.087683705085745,0.0
24.636367077414565,0.0
25.181160081788036,0.0
25.721976689075316,0.0
26.258731498064787,0.0
26.791339748949834,0.0
27.319717336713463,0.0
27.843780824409375,0.0
28.36344745633784,0.0
28.878635171113366,0.0
29.389262614623647,0.0
29.895249152875934,0.0
30.39651488473027,0.0
30.892980654516684,0.0
31.384568064535028,0.0
31.8711994874345,0.0
32.3527980784722,0.0
32.82928778764784,0.0
33.30059337171257,0.0
33.76664040605121,0.0
34.22735529643443,0.0
34.682665290640244,0.0
35.132498489942435,0.0
35.576783860464275,0.0
36.01545124439532,0.0
36.44843137107056,0.0
36.87565586790871,0.0
37.2970572712091,0.0
37.712569036805185,0.0
38.12212555057239,0.0
38.525662138789464,0.0
38.92311507835115,0.0
39.314421606830955,0.0
39.69951993239175,0.0
40.07834924354381,0.0
40.450849718747364,0.0
40.81696253585919,0.0
41.17662988142137,0.0
41.529794959790635,0.0
41.876402002107085,0.0
42.216396275100735,0.0
42.5497240897346,0.0
42.8763328096826,0.0
43.19617085964176,0.0
43.50918773347628,0.0
43.81533400219318,0.0
44.114561321747644,0.0
44.40682244067723,0.0
44.692071207563195,0.0
44.97026257831854,0.0
45.24135262330098,0.0
45.505298534249775,0.0
45.76205863104587,0.0
46.01159236829351,0.0
46.253860341722906,0.0
46.48882429441256,0.0
46.71644712283061,0.0
46.93669288269369,0.0
47.149526794643215,0.0
47.354915249737225,0.0
47.552825814757675,0.0
47.74322723733215,0.0
47.926089450868794,0.0
48.1013835793043,0.0
48.269081941663686,0.0
48.42915805643156,0.0
48.58158664573369,0.0
48.72634363932885,0.0
48.86340617840967,0.0
48.99275261921234,0.0
49.11436253643443,0.0
49.22821672646027,0.0
49.3342972103934,0.0
49.4325872368957,0.0
49.52307128483257,0.0
49.60573506572389,0.0
49.68056552600042,0.0
49.74755084906501,0.0
49.80668045715863,0.0
49.857945013030694,0.0
49.901336421413575,0.0
49.93684783030087,0.0
49.96447363202946,0.0
49.984209464165,0.0
49.996052210190804,0.0
50.0,0.0
49.996052210190804,0.0
49.984209464165,0.0
49.96447363202947,0.0
49.93684783030087,0.0
49.901336421413575,0.0
49.857945013030694,0.0
49.80668045715862,0.0
49.74755084906501,0.0
49.68056552600042,0.0
49.60573506572389,0.0
49.52307128483256,0.0
49.432587236895706,0.0
49.3342972103934,0.0
49.228216726460275,0.0
49.11436253643443,0.0
48.99275261921235,0.0
48.86340617840968,0.0
48.72634363932886,0.0
48.58158664573371,0.0
48.429158056431554,0.0
48.26908194166371,0.0
48.10138357930429,0.0
47.9260894508688,0.0
47.74322723733214,0.0
47.55282581475768,0.0
47.35491524973723,0.0
47.14952679464323,0.0
46.936692882693684,0.0
46.7164471228306,0.0
46.48882429441258,0.0
46.25386034172293,0.0
46.01159236829353,0.0
45.76205863104587,0.0
45.50529853424979,0.0
45.241352623301,0.0
44.970262578318554,0.0
44.6920712075632,0.0
44.40682244067726,0.0
44.11456132174764,0.0
43.81533400219317,0.0
43.50918773347629,0.0
43.196170859641796,0.0
42.876332809682616,0.0
42.54972408973462,0.0
42.216396275100756,0.0
41.876402002107106,0.0
41.52979495979062,0.0
41.176629881421384,0.0
40.81696253585923,0.0
40.45084971874738,0.0
40.07834924354381,0.0
39.699519932391766,0.0
39.314421606830976,0.0
38.92311507835117,0.0
38.525662138789485,0.0
38.12212555057244,0.0
37.712569036805206,0.0
37.29705727120909,0.0
36.875655867908705,0.0
36.44843137107061,0.0
36.015451244395344,0.0
35.576783860464296,0.0
35.132498489942456,0.0
34.682665290640266,0.0
34.22735529643442,0.0
33.76664040605124,0.0
33.30059337171263,0.0
32.8292877876479,0.0
32.35279807847218,0.0
31.871199487434488,0.0
31.384568064535056,0.0
30.892980654516712,0.0
30.39651488473029,0.0
29.895249152875998,0.0
29.389262614623668,0.0
28.878635171113352,0.0
28.36344745633783,0.0
27.843780824409436,0.0
27.319717336713524,0.0
26.79133974894986,0.0
26.258731498064776,0.0
25.721976689075344,0.0
25.18116008178802,0.0
24.63636707741459,0.0
24.087683705085812,0.0
23.53519660826671,0.0
22.978993031074353,0.0
22.419160804501605,0.0
21.855788332546673,0.0
21.288964578253616,0.0
20.718779049664228,0.0
20.145321785683187,0.0
19.56868334186013,0.0
18.98895477609002,0.0
18.4062276342339,0.0
17.820593935662572,0.0
17.232146158725925,0.0
16.64097722614936,0.0
16.047180490360454,0.0
15.450849718747389,0.0
14.852079078851716,0.0
14.250963123498813,0.0
13.647596775866305,0.0
13.04207531449493,0.0
12.434494358242688,0.0
11.82494985118622,0.0
11.213538047469083,0.0
10.600355496102795,0.0
9.985499025720365,0.0
9.369065729286284,0.0
8.751152948763806,0.0
8.131858259744135,0.0
7.511279456037847,0.0
6.889514534231936,0.0
6.266661678215284,0.0
5.642819243674106,0.0
5.018085742560716,0.0
4.39255982753717,0.0
3.766340276396686,0.0
3.1395259764656696,0.0
2.512215908988517,0.0
1.8845091334968054,0.0
1.256504772166814,0.0
0.6283019941676097,0.0
1.8369701987210297e-14,0.0
-0.6283019941675729,0.0
-1.256504772166866,0.0
-1.8845091334966801,0.0
-2.512215908988481,0.0
-3.1395259764656327,0.0
-3.766340276396649,0.0
-4.392559827537133,0.0
-5.018085742560681,0.0
-5.64281924367407,0.0
-6.266661678215247,0.0
-6.889514534231898,0.0
-7.51127945603781,0.0
-8.131858259744186,0.0
-8.75115294876377,0.0
-9.369065729286161,0.0
-9.98549902572033,0.0
-10.60035549610276,0.0
-11.213538047469047,0.0
-11.824949851186185,0.0
-12.434494358242738,0.0
-13.042075314494808,0.0
-13.647596775866273,0.0
-14.250963123498778,0.0
-14.852079078851766,0.0
-15.450849718747353,0.0
-16.047180490360418,0.0
-16.64097722614924,0.0
-17.232146158725893,0.0
-17.820593935662536,0.0
-18.40622763423386,0.0
-18.98895477609007,0.0
-19.568683341860098,0.0
-20.145321785683073,0.0
-20.718779049664192,0.0
-21.288964578253662,0.0
-21.85578833254664,0.0
-22.419160804501573,0.0
-22.978993031074317,0.0
-23.5351966082666,0.0
-24.087683705085777,0.0
-24.63636707741456,0.0
-25.18116008178806,0.0
-25.72197668907531,0.0
-26.25873149806474,0.0
-26.791339748949756,0.0
-27.319717336713495,0.0
-27.843780824409407,0.0
-28.3634474563378,0.0
-28.87863517111332,0.0
-29.38926261462364,0.0
-29.8952491528759,0.0
-30.396514884730262,0.0
-30.892980654516748,0.0
-31.384568064535024,0.0
-31.87119948743446,0.0
-32.352798078472155,0.0
-32.82928778764781,0.0
-33.300593371712594,0.0
-33.76664040605121,0.0
-34.22735529643439,0.0
-34.682665290640244,0.0
-35.13249848994243,0.0
-35.576783860464204,0.0
-36.01545124439538,0.0
-36.44843137107059,0.0
-36.87565586790868,0.0
-37.29705727120907,0.0
-37.712569036805185,0.0
-38.12212555057236,0.0
-38.52566213878946,0.0
-38.923115078351145,0.0
-39.314421606830955,0.0
-39.699519932391745,0.0
-40.078349243543784,0.0
-40.450849718747364,0.0
-40.81696253585921,0.0
-41.17662988142137,0.0
-41.52979495979061,0.0
-41.876402002107085,0.0
-42.216396275100735,0.0
-42.54972408973455,0.0
-42.876332809682644,0.0
-43.196170859641775,0.0
-43.509187733476274,0.0
-43.815334002193154,0.0
-44.11456132174766,0.0
-44.40682244067721,0.0
-44.69207120756319,0.0
-44.97026257831854,0.0
-45.24135262330098,0.0
-45.505298534249775,0.0
-45.76205863104585,0.0
-46.01159236829351,0.0
-46.25386034172292,0.0
-46.48882429441257,0.0
-46.71644712283059,0.0
-46.936692882693706,0.0
-47.149526794643215,0.0
-47.35491524973719,0.0
-47.55282581475767,0.0
-47.74322723733216,0.0
-47.926089450868794,0.0
-48.10138357930428,0.0
-48.26908194166369,0.0
-48.42915805643155,0.0
-48.5815866457337,0.0
-48.72634363932885,0.0
-48.86340617840968,0.0
-48.99275261921234,0.0
-49.11436253643443,0.0
-49.228216726460246,0.0
-49.334297210393416,0.0
-49.432587236895706,0.0
-49.523071284832554,0.0
-49.60573506572389,0.0
-49.68056552600042,0.0
-49.747550849065,0.0
-49.80668045715862,0.0
-49.857945013030694,0.0
-49.901336421413575,0.0
-49.93684783030087,0.0
-49.96447363202946,0.0
-49.984209464165,0.0
-49.996052210190804,0.0
-50.0,0.0
-49.996052210190804,0.0
-49.984209464165,0.0
-49.96447363202947,0.0
-49.93684783030088,0.0
-49.901336421413575,0.0
-49.857945013030694,0.0
-49.80668045715863,0.0
-49.747550849065014,0.0
-49.68056552600042,0.0
-49.6057350657239,0.0
-49.52307128483256,0.0
-49.43258723689569,0.0
-49.3342972103934,0.0
-49.228216726460275,0.0
-49.11436253643445,0.0
-48.99275261921235,0.0
-48.86340617840967,0.0
-48.72634363932886,0.0
-48.58158664573371,0.0
-48.42915805643156,0.0
-48.26908194166371,0.0
-48.10138357930432,0.0
-47.92608945086878,0.0
-47.74322723733214,0.0
-47.55282581475769,0.0
-47.35491524973723,0.0
-47.14952679464323,0.0
-46.93669288269372,0.0
-46.7164471228306,0.0
-46.48882429441258,0.0
-46.2538603417229,0.0
-46.01159236829353,0.0
-45.7620586310459,0.0
-45.505298534249796,0.0
-45.24135262330096,0.0
-44.970262578318554,0.0
-44.69207120756321,0.0
-44.406822440677225,0.0
-44.11456132174768,0.0
-43.81533400219322,0.0
-43.509187733476296,0.0
-43.196170859641754,0.0
-42.87633280968262,0.0
-42.54972408973462,0.0
-42.216396275100756,0.0
-41.87640200210711,0.0
-41.52979495979063,0.0
-41.17662988142139,0.0
-40.81696253585918,0.0
-40.450849718747385,0.0
-40.07834924354386,0.0
-39.69951993239183,0.0
-39.314421606830926,0.0
-38.923115078351174,0.0
-38.52566213878949,0.0
-38.12212555057239,0.0
-37.71256903680521,0.0
-37.29705727120915,0.0
-36.875655867908705,0.0
-36.448431371070555,0.0
-36.01545124439535,0.0
-35.5767838604643,0.0
-35.13249848994252,0.0
-34.68266529064027,0.0
-34.227355296434425,0.0
-33.76664040605124,0.0
-33.30059337171256,0.0
-32.82928778764783,0.0
-32.352798078472254,0.0
-31.87119948743456,0.0
-31.38456806453499,0.0
-30.892980654516712,0.0
-30.396514884730298,0.0
-29.895249152876,0.0
-29.389262614623675,0.0
-28.87863517111343,0.0
-28.363447456337838,0.0
-27.84378082440937,0.0
-27.319717336713456,0.0
-26.791339748949866,0.0
-26.25873149806485,0.0
-25.721976689075348,0.0
-25.181160081788022,0.0
-24.636367077414594,0.0
-24.087683705085816,0.0
-23.535196608266638,0.0
-22.978993031074435,0.0
-22.419160804501693,0.0
-21.8557883325466,0.0
-21.288964578253623,0.0
-20.71877904966423,0.0
-20.145321785683194,0.0
-19.568683341860137,0.0
-18.988954776090104,0.0
-18.406227634233904,0.0
-17.820593935662494,0.0
-17.232146158725847,0.0
-16.640977226149364,0.0
-16.047180490360542,0.0
-15.450849718747396,0.0
-14.852079078851721,0.0
-14.250963123498819,0.0
-13.647596775866312,0.0
-13.04207531449485,0.0
-12.43449435824278,0.0
-11.824949851186313,0.0
-11.213538047469003,0.0
-10.600355496102713,0.0
-9.98549902572037,0.0
-9.36906572928629,0.0
-8.751152948763812,0.0
-8.131858259744229,0.0
-7.511279456037852,0.0
-6.8895145342319415,0.0
-6.2666616782152005,0.0
-5.642819243674111,0.0
-5.018085742560811,0.0
-4.392559827537176,0.0
-3.7663402763966034,0.0
-3.1395259764656758,0.0
-2.5122159089885234,0.0
-1.884509133496723,0.0
-1.256504772166909,0.0
-0.6283019941677046,0.0
-2.4492935982947064e-14,0.0
0.6283019941676556,0.0
1.25650477216686,0.0
1.884509133496674,0.0
2.5122159089884746,0.0
3.1395259764656265,0.0
3.766340276396644,0.0
4.392559827537127,0.0
5.018085742560762,0.0
5.642819243674063,0.0
6.266661678215152,0.0
6.889514534231806,0.0
7.511279456037892,0.0
8.131858259744181,0.0
8.751152948763764,0.0
9.369065729286243,0.0
9.985499025720323,0.0
10.600355496102667,0.0
11.213538047469042,0.0
11.824949851186267,0.0
12.434494358242732,0.0
13.042075314494802,0.0
13.64759677586618,0.0
14.250963123498773,0.0
14.85207907885176,0.0
15.450849718747348,0.0
16.047180490360496,0.0
16.640977226149317,0.0
17.232146158725804,0.0
17.820593935662448,0.0
18.40622763423394,0.0
18.98895477609006,0.0
19.56868334186009,0.0
20.145321785683066,0.0
20.71877904966419,0.0
21.288964578253577,0.0
21.855788332546634,0.0
22.419160804501647,0.0
22.978993031074392,0.0
23.53519660826659,0.0
24.087683705085695,0.0
24.636367077414555,0.0
25.18116008178806,0.0
25.721976689075305,0.0
26.258731498064737,0.0
26.79133974894982,0.0
27.319717336713417,0.0
27.843780824409333,0.0
28.363447456337866,0.0
28.87863517111339,0.0
29.389262614623636,0.0
29.89524915287589,0.0
30.39651488473026,0.0
30.892980654516677,0.0
31.384568064535024,0.0
31.871199487434453,0.0
32.35279807847222,0.0
32.8292877876478,0.0
33.30059337171253,0.0
33.76664040605121,0.0
34.22735529643445,0.0
34.682665290640244,0.0
35.13249848994242,0.0
35.57678386046427,0.0
36.01545124439532,0.0
36.44843137107052,0.0
36.87565586790868,0.0
37.29705727120912,0.0
37.71256903680518,0.0
38.122125550572356,0.0
38.52566213878946,0.0
38.92311507835114,0.0
39.31442160683095,0.0
39.699519932391745,0.0
40.07834924354384,0.0
40.45084971874736,0.0
40.81696253585916,0.0
41.17662988142131,0.0
41.52979495979065,0.0
41.876402002107085,0.0
42.216396275100735,0.0
42.549724089734596,0.0
42.876332809682594,0.0
43.19617085964173,0.0
43.509187733476274,0.0
43.81533400219319,0.0
44.11456132174766,0.0
44.4068224406772,0.0
44.69207120756319,0.0
44.97026257831853,0.0
45.241352623300976,0.0
45.505298534249775,0.0
45.76205863104589,0.0
46.011592368293506,0.0
46.25386034172288,0.0
46.48882429441253,0.0
46.716447122830616,0.0
46.936692882693706,0.0
47.14952679464321,0.0
47.35491524973722,0.0
47.55282581475767,0.0
47.74322723733213,0.0
47.926089450868794,0.0
48.101383579304304,0.0
48.26908194166369,0.0
48.42915805643154,0.0
48.58158664573368,0.0
48.72634363932885,0.0
48.863406178409676,0.0
48.99275261921234,0.0
49.11436253643444,0.0
49.22821672646027,0.0
49.334297210393395,0.0
49.432587236895685,0.0
49.52307128483257,0.0
49.60573506572389,0.0
49.680565526000414,0.0
49.747550849065,0.0
49.80668045715862,0.0
49.857945013030694,0.0
49.901336421413575,0.0
49.93684783030088,0.0
49.96447363202946,0.0
49.984209464165,0.0
49.996052210190804,0.0
50.0,0.0
49.996052210190804,0.0
49.984209464165,0.0
49.96447363202947,0.0
49.93684783030087,0.0
49.90133642141358,0.0
49.8579450130307,0.0
49.80668045715862,0.0
49.74755084906501,0.0
49.68056552600043,0.0
49.6057350657239,0.0
49.52307128483257,0.0
49.432587236895706,0.0
49.3342972103934,0.0
49.228216726460275,0.0
49.11436253643443,0.0
48.99275261921235,0.0
48.86340617840969,0.0
48.72634363932886,0.0
48.58158664573369,0.0
48.42915805643156,0.0
48.26908194166371,0.0
48.1013835793043,0.0
47.9260894508688,0.0
47.74322723733217,0.0
47.55282581475769,0.0
47.3549152497372,0.0
47.14952679464323,0.0
46.93669288269373,0.0
46.71644712283061,0.0
46.48882429441259,0.0
46.253860341722906,0.0
46.01159236829353,0.0
45.76205863104587,0.0
45.505298534249796,0.0
45.241352623301005,0.0
44.9702625783186,0.0
44.692071207563174,0.0
44.40682244067723,0.0
44.114561321747686,0.0
43.815334002193175,0.0
43.5091877334763,0.0
43.1961708596418,0.0
42.87633280968262,0.0
42.54972408973458,0.0
42.216396275100756,0.0
41.87640200210711,0.0
41.529794959790685,0.0
41.1766298814214,0.0
40.81696253585919,0.0
40.45084971874739,0.0
40.07834924354381,0.0
39.69951993239177,0.0
39.314421606830976,0.0
38.92311507835123,0.0
38.525662138789436,0.0
38.12212555057239,0.0
37.71256903680521,0.0
37.297057271209155,0.0
36.87565586790871,0.0
36.44843137107062,0.0
36.01545124439535,0.0
35.576783860464246,0.0
35.13249848994246,0.0
34.68266529064028,0.0
34.22735529643449,0.0
33.766640406051245,0.0
33.300593371712566,0.0
32.829287787647836,0.0
32.35279807847226,0.0
31.87119948743449,0.0
31.384568064535063,0.0
30.892980654516787,0.0
30.39651488473023,0.0
29.895249152875934,0.0
29.38926261462368,0.0
28.878635171113437,0.0
28.36344745633784,0.0
27.843780824409446,0.0
27.319717336713463,0.0
26.791339748949873,0.0
26.25873149806478,0.0
25.721976689075355,0.0
25.181160081788107,0.0
24.6363670774146,0.0
24.087683705085745,0.0
23.53519660826664,0.0
22.97899303107444,0.0
22.41916080450162,0.0
21.855788332546684,0.0
21.288964578253708,0.0
20.71877904966424,0.0
20.14532178568312,0.0
19.56868334186014,0.0
18.98895477609011,0.0
18.40622763423391,0.0
17.820593935662583,0.0
17.232146158725854,0.0
16.64097722614937,0.0
16.047180490360464,0.0
15.450849718747401,0.0
14.852079078851812,0.0
14.250963123498824,0.0
13.647596775866234,0.0
13.042075314494856,0.0
12.434494358242786,0.0
11.824949851186233,0.0
11.213538047469097,0.0
10.600355496102805,0.0
9.985499025720378,0.0
9.36906572928621,0.0
8.751152948763819,0.0
8.131858259744234,0.0
7.511279456037859,0.0
6.889514534231947,0.0
6.266661678215208,0.0
5.642819243674118,0.0
5.018085742560729,0.0
4.392559827537182,0.0
3.7663402763966984,0.0
3.13952597646577,0.0
2.5122159089884413,0.0
1.8845091334967292,0.0
1.2565047721669151,0.0
0.6283019941676219,0.0
3.061616997868383e-14,0.0
-0.6283019941675607,0.0
-1.256504772166854,0.0
-1.8845091334967565,0.0
-2.5122159089884684,0.0
-3.1395259764656203,0.0
-3.766340276396549,0.0
-4.392559827537121,0.0
-5.018085742560756,0.0
-5.642819243674057,0.0
-6.266661678215235,0.0
-6.889514534231887,0.0
-7.511279456037798,0.0
-8.131858259744087,0.0
-8.751152948763846,0.0
-9.369065729286236,0.0
-9.985499025720317,0.0
-10.60035549610266,0.0
-11.213538047469036,0.0
-11.824949851186172,0.0
-12.434494358242725,0.0
-13.04207531449488,0.0
-13.647596775866258,0.0
-14.250963123498767,0.0
-14.852079078851668,0.0
-15.450849718747426,0.0
-16.04718049036049,0.0
-16.64097722614931,0.0
-17.232146158725797,0.0
-17.82059393566261,0.0
-18.406227634233936,0.0
-18.988954776090054,0.0
-19.568683341860087,0.0
-20.145321785683063,0.0
-20.7187790496641,0.0
-21.28896457825365,0.0
-21.85578833254663,0.0
-22.419160804501562,0.0
-22.978993031074307,0.0
-23.53519660826651,0.0
-24.087683705085766,0.0
-24.636367077414548,0.0
-25.18116008178798,0.0
-25.721976689075376,0.0
-26.258731498064808,0.0
-26.791339748949817,0.0
-27.31971733671341,0.0
-27.84378082440947,0.0
-28.363447456337866,0.0
-28.878635171113388,0.0
-29.38926261462363,0.0
-29.895249152875884,0.0
-30.39651488473018,0.0
-30.892980654516737,0.0
-31.384568064535017,0.0
-31.87119948743445,0.0
-32.35279807847228,0.0
-32.82928778764773,0.0
-33.30059337171259,0.0
-33.7666404060512,0.0
-34.22735529643438,0.0
-34.682665290640294,0.0
-35.13249848994236,0.0
-35.57678386046426,0.0
-36.015451244395315,0.0
-36.44843137107052,0.0
-36.87565586790873,0.0
-37.29705727120912,0.0
-37.71256903680518,0.0
-38.12212555057235,0.0
-38.52566213878939,0.0
-38.923115078351195,0.0
-39.31442160683094,0.0
-39.699519932391745,0.0
-40.078349243543784,0.0
-40.450849718747406,0.0
-40.816962535859105,0.0
-41.17662988142136,0.0
-41.52979495979069,0.0
-41.876402002107035,0.0
-42.21639627510078,0.0
-42.5497240897345,0.0
-42.876332809682594,0.0
-43.19617085964181,0.0
-43.509187733476224,0.0
-43.81533400219319,0.0
-44.11456132174765,0.0
-44.4068224406772,0.0
-44.692071207563146,0.0
-44.97026257831857,0.0
-45.241352623300976,0.0
-45.50529853424977,0.0
-45.762058631045846,0.0
-46.01159236829348,0.0
-46.25386034172291,0.0
-46.48882429441257,0.0
-46.71644712283059,0.0
-46.936692882693734,0.0
-47.14952679464318,0.0
-47.35491524973722,0.0
-47.55282581475767,0.0
-47.74322723733213,0.0
-47.926089450868815,0.0
-48.101383579304255,0.0
-48.269081941663686,0.0
-48.42915805643154,0.0
-48.58158664573368,0.0
-48.72634363932887,0.0
-48.863406178409676,0.0
-48.99275261921234,0.0
-49.11436253643442,0.0
-49.22821672646028,0.0
-49.33429721039338,0.0
-49.4325872368957,0.0
-49.523071284832554,0.0
-49.605735065723884,0.0
-49.68056552600043,0.0
-49.74755084906499,0.0
-49.80668045715862,0.0
-49.85794501303071,0.0
-49.901336421413575,0.0
-49.93684783030088,0.0
-49.96447363202946,0.0
-49.984209464165,0.0
-49.996052210190804,0.0
-50.0,0.0
-49.996052210190804,0.0
-49.984209464165,0.0
-49.96447363202947,0.0
-49.93684783030088,0.0
-49.901336421413575,0.0
-49.857945013030694,0.0
-49.80668045715863,0.0
-49.747550849065,0.0
-49.680565526000436,0.0
-49.60573506572389,0.0
-49.52307128483259,0.0
-49.432587236895706,0.0
-49.33429721039339,0.0
-49.228216726460296,0.0
-49.114362536434435,0.0
-48.99275261921235,0.0
-48.86340617840969,0.0
-48.726343639328846,0.0
-48.581586645733694,0.0
-48.42915805643156,0.0
-48.269081941663714,0.0
-48.10138357930432,0.0
-47.92608945086883,0.0
-47.74322723733215,0.0
-47.55282581475769,0.0
-47.35491524973724,0.0
-47.1495267946432,0.0
-46.93669288269376,0.0
-46.71644712283061,0.0
-46.488824294412524,0.0
-46.253860341722934,0.0
-46.0115923682935,0.0
-45.762058631045946,0.0
-45.505298534249796,0.0
-45.241352623301005,0.0
-44.9702625783186,0.0
-44.692071207563174,0.0
-44.40682244067723,0.0
-44.114561321747686,0.0
-43.815334002193225,0.0
-43.50918773347626,0.0
-43.19617085964176,0.0
-42.87633280968263,0.0
-42.54972408973454,0.0
-42.216396275100806,0.0
-41.87640200210706,0.0
-41.529794959790735,0.0
-41.1766298814214,0.0
-40.81696253585915,0.0
-40.45084971874744,0.0
-40.07834924354382,0.0
-39.69951993239178,0.0
-39.31442160683098,0.0
-38.923115078351124,0.0
-38.52566213878944,0.0
-38.12212555057239,0.0
-37.71256903680522,0.0
-37.29705727120916,0.0
-36.875655867908776,0.0
-36.44843137107057,0.0
-36.01545124439536,0.0
-35.57678386046431,0.0
-35.13249848994241,0.0
-34.682665290640344,0.0
-34.22735529643443,0.0
-33.76664040605112,0.0
-33.30059337171264,0.0
-32.82928778764778,0.0
-32.35279807847233,0.0
-31.8711994874345,0.0
-31.384568064535067,0.0
-30.892980654516794,0.0
-30.396514884730237,0.0
-29.89524915287594,0.0
-29.389262614623686,0.0
-28.878635171113444,0.0
-28.36344745633777,0.0
-27.843780824409382,0.0
-27.319717336713467,0.0
-26.791339748949877,0.0
-26.258731498064865,0.0
-25.721976689075284,0.0
-25.18116008178819,0.0
-24.636367077414604,0.0
-24.087683705085674,0.0
-23.535196608266727,0.0
-22.978993031074367,0.0
-22.419160804501622,0.0
-21.85578833254669,0.0
-21.28896457825355,0.0
-20.718779049664324,0.0
-20.145321785683123,0.0
-19.568683341860147,0.0
-18.988954776090118,0.0
-18.406227634234,0.0
-17.820593935662508,0.0
-17.23214615872586,0.0
-16.640977226149374,0.0
-16.04718049036039,0.0
-15.45084971874749,0.0
-14.852079078851732,0.0
-14.250963123499002,0.0
-13.647596775866324,0.0
-13.042075314494776,0.0
-12.434494358242878,0.0
-11.824949851186238,0.0
-11.213538047469102,0.0
-10.600355496102813,0.0
-9.985499025720296,0.0
-9.369065729286215,0.0
-8.751152948763824,0.0
-8.13185825974424,0.0
-7.511279456037951,0.0
-6.889514534231865,0.0
-6.266661678215213,0.0
-5.642819243674124,0.0
-5.018085742560823,0.0
-4.3925598275371,0.0
-3.766340276396793,0.0
-3.1395259764656873,0.0
-2.5122159089883587,0.0
-1.8845091334968238,0.0
-1.2565047721668325,0.0
-0.6283019941678056,0.0
-3.6739403974420595e-14,0.0
0.6283019941677322,0.0
1.256504772166759,0.0
1.8845091334967505,0.0
2.512215908988462,0.0
3.1395259764656145,0.0
3.7663402763965426,0.0
4.3925598275372035,0.0
5.01808574256075,0.0
5.642819243674051,0.0
6.266661678215141,0.0
6.889514534231793,0.0
7.5112794560378795,0.0
8.131858259743993,0.0
8.751152948763751,0.0
9.369065729286318,0.0
9.985499025720223,0.0
10.600355496102742,0.0
11.21353804746903,0.0
11.824949851186167,0.0
12.434494358242807,0.0
13.042075314494706,0.0
13.647596775866253,0.0
14.25096312349876,0.0
14.852079078851663,0.0
15.45084971874742,0.0
16.047180490360486,0.0
16.640977226149307,0.0
17.23214615872579,0.0
17.820593935662604,0.0
18.406227634233762,0.0
18.98895477609005,0.0
19.56868334186008,0.0
20.145321785683056,0.0
20.718779049664256,0.0
21.288964578253484,0.0
21.855788332546624,0.0
22.419160804501715,0.0
22.978993031074303,0.0
23.535196608266663,0.0
24.08768370508576,0.0
24.63636707741454,0.0
25.181160081787972,0.0
25.72197668907522,0.0
26.2587314980648,0.0
26.791339748949817,0.0
27.319717336713406,0.0
27.84378082440932,0.0
28.36344745633786,0.0
28.87863517111324,0.0
29.389262614623625,0.0
29.895249152876026,0.0
30.396514884730173,0.0
30.892980654516734,0.0
31.384568064534875,0.0
31.871199487434442,0.0
32.352798078472276,0.0
32.82928778764772,0.0
33.30059337171258,0.0
33.766640406051195,0.0
34.22735529643438,0.0
34.682665290640294,0.0
35.13249848994248,0.0
35.57678386046425,0.0
36.01545124439531,0.0
36.44843137107051,0.0
36.875655867908606,0.0
37.29705727120911,0.0
37.71256903680517,0.0
38.12212555057235,0.0
38.52566213878951,0.0
38.92311507835108,0.0
39.31442160683094,0.0
39.699519932391844,0.0
40.07834924354378,0.0
40.4508497187474,0.0
40.816962535859105,0.0
41.176629881421356,0.0
41.52979495979059,0.0
41.87640200210703,0.0
42.21639627510077,0.0
42.54972408973459,0.0
42.87633280968259,0.0
43.196170859641725,0.0
43.50918773347631,0.0
43.815334002193104,0.0
44.11456132174765,0.0
44.406822440677196,0.0
44.692071207563146,0.0
44.97026257831857,0.0
45.2413526233009,0.0
45.50529853424977,0.0
45.76205863104592,0.0
46.01159236829347,0.0
46.253860341722906,0.0
46.48882429441256,0.0
46.71644712283058,0.0
46.936692882693734,0.0
47.14952679464318,0.0
47.35491524973721,0.0
47.55282581475767,0.0
47.74322723733213,0.0
47.92608945086876,0.0
48.101383579304304,0.0
48.269081941663686,0.0
48.42915805643154,0.0
48.581586645733715,0.0
48.72634363932883,0.0
48.863406178409676,0.0
48.9927526192123,0.0
49.11436253643442,0.0
49.228216726460275,0.0
49.33429721039338,0.0
49.4325872368957,0.0
49.523071284832554,0.0
49.605735065723884,0.0
49.68056552600043,0.0
49.74755084906501,0.0
49.80668045715862,0.0
49.857945013030694,0.0
49.901336421413575,0.0
49.93684783030087,0.0
49.96447363202946,0.0
49.984209464165,0.0
49.996052210190804,0.0
50.0,0.0
49.996052210190804,0.0
49.984209464165005,0.0
49.96447363202946,0.0
49.93684783030088,0.0
49.901336421413575,0.0
49.857945013030715,0.0
49.80668045715863,0.0
49.747550849065,0.0
49.680565526000436,0.0
49.60573506572389,0.0
49.52307128483257,0.0
49.432587236895706,0.0
49.334297210393416,0.0
49.22821672646026,0.0
49.114362536434435,0.0
48.992752619212354,0.0
48.86340617840969,0.0
48.72634363932888,0.0
48.581586645733694,0.0
48.4291580564316,0.0
48.269081941663714,0.0
48.101383579304276,0.0
47.92608945086884,0.0
47.74322723733215,0.0
47.552825814757696,0.0
47.35491524973724,0.0
47.1495267946432,0.0
46.93669288269376,0.0
46.716447122830616,0.0
46.48882429441259,0.0
46.25386034172294,0.0
46.01159236829357,0.0
45.762058631045875,0.0
45.505298534249796,0.0
45.241352623301005,0.0
44.970262578318525,0.0
44.69207120756326,0.0
44.40682244067723,0.0
44.11456132174761,0.0
43.815334002193225,0.0
43.50918773347626,0.0
43.19617085964185,0.0
42.87633280968263,0.0
42.54972408973454,0.0
42.21639627510081,0.0
41.87640200210707,0.0
41.52979495979064,0.0
41.1766298814214,0.0
40.816962535859254,0.0
40.45084971874734,0.0
40.078349243543826,0.0
39.69951993239179,0.0
39.31442160683098,0.0
38.92311507835124,0.0
38.52566213878944,0.0
38.12212555057252,0.0
37.71256903680522,0.0
37.29705727120904,0.0
36.87565586790878,0.0
36.44843137107057,0.0
36.015451244395365,0.0
35.57678386046431,0.0
35.13249848994241,0.0
34.68266529064035,0.0
34.22735529643444,0.0
33.76664040605126,0.0
33.300593371712644,0.0
32.829287787647914,0.0
32.352798078472205,0.0
31.871199487434502,0.0
31.384568064535074,0.0
30.892980654516656,0.0
30.39651488473038,0.0
29.895249152875948,0.0
29.38926261462369,0.0
28.878635171113444,0.0
28.363447456337777,0.0
27.84378082440953,0.0
27.319717336713474,0.0
26.79133974894973,0.0
26.25873149806487,0.0
25.721976689075287,0.0
25.18116008178804,0.0
24.63636707741461,0.0
24.087683705085833,0.0
23.53519660826673,0.0
22.978993031074374,0.0
22.41916080450163,0.0
21.855788332546698,0.0
21.28896457825372,0.0
20.718779049664168,0.0
20.145321785683294,0.0
19.56868334186015,0.0
18.988954776089958,0.0
18.406227634234003,0.0
17.82059393566251,0.0
17.23214615872603,0.0
16.64097722614938,0.0
16.047180490360393,0.0
15.450849718747495,0.0
14.852079078851737,0.0
14.250963123498837,0.0
13.64759677586633,0.0
13.042075314494953,0.0
12.434494358242713,0.0
11.824949851186245,0.0
11.213538047469108,0.0
10.600355496102818,0.0
9.985499025720475,0.0
9.36906572928622,0.0
8.751152948763831,0.0
8.131858259744247,0.0
7.511279456037783,0.0
6.889514534232047,0.0
6.26666167821522,0.0
5.642819243673953,0.0
5.01808574256083,0.0
4.392559827537106,0.0
3.7663402763967992,0.0
3.1395259764656935,0.0
2.512215908988542,0.0
1.88450913349683,0.0
1.2565047721668385,0.0
0.6283019941676342,0.0
4.286263797015736e-14,0.0
-0.6283019941675484,0.0
-1.2565047721669305,0.0
-1.8845091334965667,0.0
-2.5122159089884564,0.0
-3.1395259764656083,0.0
-3.766340276396537,0.0
-4.392559827537197,0.0
-5.018085742560567,0.0
-5.642819243674045,0.0
-6.26666167821531,0.0
-6.889514534231786,0.0
-7.511279456037872,0.0
-8.131858259744163,0.0
-8.751152948763746,0.0
-9.369065729286136,0.0
-9.985499025720218,0.0
-10.600355496102736,0.0
-11.213538047469024,0.0
-11.824949851186162,0.0
-12.43449435824263,0.0
-13.04207531449487,0.0
-13.647596775866248,0.0
-14.250963123498755,0.0
-14.852079078851826,0.0
-15.450849718747245,0.0
-16.04718049036048,0.0
-16.640977226149133,0.0
-17.232146158725786,0.0
-17.8205939356626,0.0
-18.40622763423376,0.0
-18.988954776090043,0.0
-19.568683341860073,0.0
-20.145321785683052,0.0
-20.718779049664253,0.0
-21.28896457825364,0.0
-21.85578833254662,0.0
-22.41916080450155,0.0
-22.978993031074296,0.0
-23.5351966082665,0.0
-24.087683705085755,0.0
-24.636367077414537,0.0
-25.18116008178797,0.0
-25.721976689075365,0.0
-26.25873149806465,0.0
-26.79133974894981,0.0
-27.319717336713552,0.0
-27.843780824409315,0.0
-28.363447456337852,0.0
-28.87863517111323,0.0
-29.389262614623625,0.0
-29.895249152875873,0.0
-30.396514884730173,0.0
-30.892980654516734,0.0
-31.384568064535006,0.0
-31.87119948743444,0.0
-32.35279807847214,0.0
-32.82928778764785,0.0
-33.30059337171258,0.0
-33.76664040605119,0.0
-34.227355296434375,0.0
-34.682665290640166,0.0
-35.13249848994248,0.0
-35.576783860464126,0.0
-36.0154512443953,0.0
-36.44843137107063,0.0
-36.875655867908606,0.0
-37.29705727120911,0.0
-37.712569036805164,0.0
-38.12212555057234,0.0
-38.5256621387895,0.0
-38.923115078351074,0.0
-39.31442160683093,0.0
-39.69951993239173,0.0
-40.07834924354377,0.0
-40.45084971874729,0.0
-40.816962535859204,0.0
-41.17662988142135,0.0
-41.52979495979059,0.0
-41.87640200210712,0.0
-42.21639627510067,0.0
-42.54972408973459,0.0
-42.87633280968259,0.0
-43.19617085964172,0.0
-43.50918773347631,0.0
-43.8153340021931,0.0
-44.114561321747644,0.0
-44.406822440677196,0.0
-44.69207120756314,0.0
-44.97026257831857,0.0
-45.241352623300976,0.0
-45.50529853424977,0.0
-45.762058631045846,0.0
-46.01159236829347,0.0
-46.253860341722906,0.0
-46.48882429441256,0.0
-46.71644712283058,0.0
-46.93669288269367,0.0
-47.149526794643236,0.0
-47.354915249737154,0.0
-47.55282581475767,0.0
-47.74322723733218,0.0
-47.92608945086876,0.0
-48.1013835793043,0.0
-48.26908194166364,0.0
-48.42915805643154,0.0
-48.581586645733715,0.0
-48.726343639328825,0.0
-48.863406178409676,0.0
-48.99275261921234,0.0
-49.11436253643442,0.0
-49.228216726460246,0.0
-49.33429721039341,0.0
-49.4325872368957,0.0
-49.523071284832554,0.0
-49.60573506572388,0.0
-49.6805655260004,0.0
-49.74755084906501,0.0
-49.80668045715862,0.0
-49.857945013030694,0.0
-49.90133642141358,0.0
-49.93684783030087,0.0
-49.96447363202946,0.0
-49.984209464165,0.0
-49.996052210190804,0.0
-50.0,0.0
-49.996052210190804,0.0
-49.984209464165005,0.0
-49.96447363202947,0.0
-49.93684783030088,0.0
-49.901336421413575,0.0
-49.857945013030694,0.0
-49.80668045715863,0.0
-49.74755084906502,0.0
-49.680565526000414,0.0
-49.60573506572391,0.0
-49.52307128483257,0.0
-49.432587236895706,0.0
-49.33429721039342,0.0
-49.22821672646027,0.0
-49.11436253643447,0.0
-48.992752619212354,0.0
-48.863406178409655,0.0
-48.72634363932888,0.0
-48.581586645733694,0.0
-48.42915805643157,0.0
-48.269081941663714,0.0
-48.101383579304326,0.0
-47.92608945086884,0.0
-47.74322723733215,0.0
-47.552825814757696,0.0
-47.35491524973724,0.0
-47.149526794643265,0.0
-46.9366928826937,0.0
-46.716447122830616,0.0
-46.488824294412595,0.0
-46.25386034172288,0.0
-46.01159236829358,0.0
-45.76205863104588,0.0
-45.505298534249874,0.0
-45.24135262330101,0.0
-44.970262578318525,0.0
-44.69207120756326,0.0
-44.40682244067723,0.0
-44.11456132174769,0.0
-43.81533400219323,0.0
-43.50918773347626,0.0
-43.19617085964176,0.0
-42.87633280968263,0.0
-42.54972408973464,0.0
-42.21639627510081,0.0
-41.87640200210717,0.0
-41.52979495979064,0.0
-41.176629881421405,0.0
-40.816962535859254,0.0
-40.45084971874734,0.0
-40.07834924354393,0.0
-39.69951993239179,0.0
-39.314421606830884,0.0
-38.923115078351245,0.0
-38.52566213878944,0.0
-38.122125550572406,0.0
-37.71256903680523,0.0
-37.29705727120917,0.0
-36.87565586790878,0.0
-36.44843137107057,0.0
-36.01545124439537,0.0
-35.57678386046432,0.0
-35.132498489942535,0.0
-34.68266529064023,0.0
-34.22735529643444,0.0
-33.76664040605126,0.0
-33.300593371712516,0.0
-32.82928778764792,0.0
-32.35279807847221,0.0
-31.871199487434644,0.0
-31.384568064535078,0.0
-30.89298065451666,0.0
-30.396514884730387,0.0
-29.89524915287595,0.0
-29.389262614623696,0.0
-28.878635171113448,0.0
-28.36344745633778,0.0
-27.843780824409393,0.0
-27.319717336713477,0.0
-26.791339748949888,0.0
-26.258731498064876,0.0
-25.721976689075444,0.0
-25.181160081788047,0.0
-24.63636707741462,0.0
-24.087683705085837,0.0
-23.535196608266578,0.0
-22.978993031074534,0.0
-22.419160804501633,0.0
-21.855788332546542,0.0
-21.288964578253726,0.0
-20.718779049664175,0.0
-20.145321785683297,0.0
-19.56868334186016,0.0
-18.988954776090132,0.0
-18.40622763423401,0.0
-17.82059393566252,0.0
-17.23214615872587,0.0
-16.640977226149385,0.0
-16.047180490360567,0.0
-15.450849718747333,0.0
-14.852079078851743,0.0
-14.250963123498842,0.0
-13.647596775866337,0.0
-13.042075314494959,0.0
-12.434494358242718,0.0
-11.824949851186423,0.0
-11.213538047469115,0.0
-10.600355496102651,0.0
-9.985499025720483,0.0
-9.369065729286227,0.0
-8.751152948763837,0.0
-8.131858259744252,0.0
-7.511279456037788,0.0
-6.889514534232053,0.0
-6.266661678215225,0.0
-5.642819243674136,0.0
-5.018085742560836,0.0
-4.392559827537289,0.0
-3.7663402763966283,0.0
-3.1395259764656998,0.0
-2.512215908988548,0.0
-1.8845091334966586,0.0
-1.2565047721670224,0.0
-0.6283019941676402,0.0
0.0,0.0
0.0,0.0
0.0,0.0
0.0,0.0
0.0,0.0
0.0,0.0
0.0,0.0
0.0,0.0
0.0,0.0
0.0,0.0
0.0,0.0
0.0,0.0
0.0,0.0
0.0,0.0
0.0,0.0
0.0,0.0
0.0,0.0
0.0,0.0
0.0,0.0
0.0,0.0
0.0,0.0
0.0,0.0
0.0,0.0
0.0,0.0
0.0,0.0
0.0,0.0
0.0,0.0
0.0,0.0
0.0,0.0
0.0,0.0
0.0,0.0
0.0,0.0
0.0,0.0
0.0,0.0
0.0,0.0
0.0,0.0
0.0,0.0
0.0,0.0
0.0,0.0
0.0,0.0
0.0,0.0
0.0,0.0
0.0,0.0
0.0,0.0
0.0,0.0
0.0,0.0
0.0,0.0
0.0,0.0
0.0,0.0
0.0,0.0
0.0,0.0
0.0,0.0
0.0,0.0
0.0,0.0
0.0,0.0
0.0,0.0
0.0,0.0
0.0,0.0
0.0,0.0
0.0,0.0
0.0,0.0
0.0,0.0
0.0,0.0
0.0,0.0
0.0,0.0
0.0,0.0
0.0,0.0
0.0,0.0
0.0,0.0
0.0,0.0
0.0,0.0
0.0,0.0
0.0,0.0
0.0,0.0
0.0,0.0
0.0,0.0
0.0,0.0
0.0,0.0
0.0,0.0
0.0,0.0
0.0,0.0
0.0,0.0
0.0,0.0
0.0,0.0
0.0,0.0
0.0,0.0
0.0,0.0
0.0,0.0
0.0,0.0
0.0,0.0
0.0,0.0
0.0,0.0
0.0,0.0
0.0,0.0
0.0,0.0
0.0,0.0
0.0,0.0
0.0,0.0
0.0,0.0
0.0,0.0
0.0,0.0
0.0,0.0
0.0,0.0
0.0,0.0
0.0,0.0
0.0,0.0
0.0,0.0
0.0,0.0
0.0,0.0
0.0,0.0
0.0,0.0
0.0,0.0
0.0,0.0
0.0,0.0
0.0,0.0
0.0,0.0
0.0,0.0
0.0,0.0
0.0,0.0
0.0,0.0
0.0,0.0
0.0,0.0
0.0,0.0
0.0,0.0
0.0,0.0
0.0,0.0
0.0,0.0
0.0,0.0
0.0,0.0
0.0,0.0
0.0,0.0
0.0,0.0
0.0,0.0
0.0,0.0
0.0,0.0
0.0,0.0
0.0,0.0
0.0,0.0
0.0,0.0
0.0,0.0
0.0,0.0
0.0,0.0
0.0,0.0
0.0,0.0
0.0,0.0
0.0,0.0
0.0,0.0
0.0,0.0
0.0,0.0
0.0,0.0
0.0,0.0
0.0,0.0
0.0,0.0
0.0,0.0
0.0,0.0
0.0,0.0
0.0,0.0
0.0,0.0
0.0,0.0
0.0,0.0
0.0,0.0
0.0,0.0
0.0,0.0
0.0,0.0
0.0,0.0
0.0,0.0
0.0,0.0
0.0,0.0
0.0,0.0
0.0,0.0
0.0,0.0
0.0,0.0
0.0,0.0
0.0,0.0
0.0,0.0
0.0,0.0
0.0,0.0
0.0,0.0
0.0,0.0
0.0,0.0
0.0,0.0
0.0,0.0
0.0,0.0
0.0,0.0
0.0,0.0
0.0,0.0
0.0,0.0
0.0,0.0
0.0,0.0
0.0,0.0
0.0,0.0
0.0,0.0
0.0,0.0
0.0,0.0
0.0,0.0
0.0,0.0
0.0,0.0
0.0,0.0
0.0,0.0
0.0,0.0
0.0,0.0
0.0,0.0
0.0,0.0
0.0,0.0
0.0,0.0
0.0,0.0
0.0,0.0
0.0,0.0
0.0,0.0
0.0,0.0
0.0,0.0
0.0,0.0
0.0,0.0
0.0,0.0
0.0,0.0
0.0,0.0
0.0,0.0
0.0,0.0
0.0,0.0
0.0,0.0
0.0,0.0
0.0,0.0
0.0,0.0
0.0,0.0
0.0,0.0
0.0,0.0
0.0,0.0
0.0,0.0
0.0,0.0
0.0,0.0
0.0,0.0
0.0,0.0
0.0,0.0
0.0,0.0
0.0,0.0
0.0,0.0
0.0,0.0
0.0,0.0
0.0,0.0
0.0,0.0
0.0,0.0
0.0,0.0
0.0,0.0
0.0,0.0
0.0,0.0
0.0,0.0
0.0,0.0
0.0,0.0
0.0,0.0
0.0,0.0
0.0,0.0
0.0,0.0
0.0,0.0
0.0,0.0
0.0,0.0
0.0,0.0
0.0,0.0
0.0,0.0
0.0,0.0
0.0,0.0
0.0,0.0
0.0,0.0
0.0,0.0
0.0,0.0
0.0,0.0
0.0,0.0
0.0,0.0
0.0,0.0
0.0,0.0
0.0,0.0
0.0,0.0
0.0,0.0
0.0,0.0
0.0,0.0
0.0,0.0
0.0,0.0
0.0,0.0
0.0,0.0
0.0,0.0
0.0,0.0
0.0,0.0
0.0,0.0
0.0,0.0
0.0,0.0
0.0,0.0
0.0,0.0
0.0,0.0
0.0,0.0
0.0,0.0
0.0,0.0
0.0,0.0
0.0,0.0
0.0,0.0
0.0,0.0
0.0,0.0
0.0,0.0
0.0,0.0
0.0,0.0
0.0,0.0
0.0,0.0
0.0,0.0
0.0,0.0
0.0,0.0
0.0,0.0
0.0,0.0
0.0,0.0
0.0,0.0
0.0,0.0
0.0,0.0
0.0,0.0
0.0,0.0
0.0,0.0
0.0,0.0
0.0,0.0
0.0,0.0
0.0,0.0
0.0,0.0
0.0,0.0
0.0,0.0
0.0,0.0
0.0,0.0
0.0,0.0
0.0,0.0
0.0,0.0
0.0,0.0
0.0,0.0
0.0,0.0
0.0,0.0
0.0,0.0
0.0,0.0
0.0,0.0
0.0,0.0
0.0,0.0
0.0,0.0
0.0,0.0
0.0,0.0
0.0,0.0
0.0,0.0
0.0,0.0
0.0,0.0
0.0,0.0
0.0,0.0
0.0,0.0
0.0,0.0
0.0,0.0
0.0,0.0
0.0,0.0
0.0,0.0
0.0,0.0
0.0,0.0
0.0,0.0
0.0,0.0
0.0,0.0
0.0,0.0
0.0,0.0
0.0,0.0
0.0,0.0
0.0,0.0
0.0,0.0
0.0,0.0
0.0,0.0
0.0,0.0
0.0,0.0
0.0,0.0
0.0,0.0
0.0,0.0
0.0,0.0
0.0,0.0
0.0,0.0
0.0,0.0
0.0,0.0
0.0,0.0
0.0,0.0
0.0,0.0
0.0,0.0
0.0,0.0
0.0,0.0
0.0,0.0
0.0,0.0
0.0,0.0
0.0,0.0
0.0,0.0
0.0,0.0
0.0,0.0
0.0,0.0
0.0,0.0
0.0,0.0
0.0,0.0
0.0,0.0
0.0,0.0
0.0,0.0
0.0,0.0
0.0,0.0
0.0,0.0
0.0,0.0
0.0,0.0
0.0,0.0
0.0,0.0
0.0,0.0
0.0,0.0
0.0,0.0
0.0,0.0
0.0,0.0
0.0,0.0
0.0,0.0
0.0,0.0
0.0,0.0
0.0,0.0
0.0,0.0
0.0,0.0
0.0,0.0
0.0,0.0
0.0,0.0
0.0,0.0
0.0,0.0
0.0,0.0
0.0,0.0
0.0,0.0
0.0,0.0
0.0,0.0
0.0,0.0
0.0,0.0
0.0,0.0
0.0,0.0
0.0,0.0
0.0,0.0
0.0,0.0
0.0,0.0
0.0,0.0
0.0,0.0
0.0,0.0
0.0,0.0
0.0,0.0
0.0,0.0
0.0,0.0
0.0,0.0
0.0,0.0
0.0,0.0
0.0,0.0
0.0,0.0
0.0,0.0
0.0,0.0
0.0,0.0
0.0,0.0
0.0,0.0
0.0,0.0
0.0,0.0
0.0,0.0
0.0,0.0
0.0,0.0
0.0,0.0
0.0,0.0
0.0,0.0
0.0,0.0
0.0,0.0
0.0,0.0
0.0,0.0
0.0,0.0
0.0,0.0
0.0,0.0
0.0,0.0
0.0,0.0
0.0,0.0
0.0,0.0
0.0,0.0
0.0,0.0
0.0,0.0
0.0,0.0
0.0,0.0
0.0,0.0
0.0,0.0
0.0,0.0
0.0,0.0
0.0,0.0
0.0,0.0
0.0,0.0
0.0,0.0
0.0,0.0
0.0,0.0
0.0,0.0
0.0,0.0
0.0,0.0
0.0,0.0
0.0,0.0
0.0,0.0
0.0,0.0
0.0,0.0
0.0,0.0
0.0,0.0
0.0,0.0
0.0,0.0
0.0,0.0
0.0,0.0
0.0,0.0
0.0,0.0
0.0,0.0
0.0,0.0
0.0,0.0
0.0,0.0
0.0,0.0
