Stim,Trigger,Number of Steps,Intensity Increment,First Step Intensity,Step Length,Inter-step Length,Inter-step Intensity,Inter-Stimulus Length,Inter-Stimulus Intensity
-15.0,1.0,10,10,-15,50,150,0,200,0
-15.0,0.0,10,10,-15,50,150,0,200,0
-15.0,0.0,10,10,-15,50,150,0,200,0
-15.0,0.0,10,10,-15,50,150,0,200,0
-15.0,0.0,10,10,-15,50,150,0,200,0
-15.0,0.0,10,10,-15,50,150,0,200,0
-15.0,0.0,10,10,-15,50,150,0,200,0
-15.0,0.0,10,10,-15,50,150,0,200,0
-15.0,0.0,10,10,-15,50,150,0,200,0
-15.0,0.0,10,10,-15,50,150,0,200,0
-15.0,0.0,10,10,-15,50,150,0,200,0
-15.0,0.0,10,10,-15,50,150,0,200,0
-15.0,0.0,10,10,-15,50,150,0,200,0
-15.0,0.0,10,10,-15,50,150,0,200,0
-15.0,0.0,10,10,-15,50,150,0,200,0
-15.0,0.0,10,10,-15,50,150,0,200,0
-15.0,0.0,10,10,-15,50,150,0,200,0
-15.0,0.0,10,10,-15,50,150,0,200,0
-15.0,0.0,10,10,-15,50,150,0,200,0
-15.0,0.0,10,10,-15,50,150,0,200,0
-15.0,0.0,10,10,-15,50,150,0,200,0
-15.0,0.0,10,10,-15,50,150,0,200,0
-15.0,0.0,10,10,-15,50,150,0,200,0
-15.0,0.0,10,10,-15,50,150,0,200,0
-15.0,0.0,10,10,-15,50,150,0,200,0
-15.0,0.0,10,10,-15,50,150,0,200,0
-15.0,0.0,10,10,-15,50,150,0,200,0
-15.0,0.0,10,10,-15,50,150,0,200,0
-15.0,0.0,10,10,-15,50,150,0,200,0
-15.0,0.0,10,10,-15,50,150,0,200,0
-15.0,0.0,10,10,-15,50,150,0,200,0
-15.0,0.0,10,10,-15,50,150,0,200,0
-15.0,0.0,10,10,-15,50,150,0,200,0
-15.0,0.0,10,10,-15,50,150,0,200,0
-15.0,0.0,10,10,-15,50,150,0,200,0
-15.0,0.0,10,10,-15,50,150,0,200,0
-15.0,0.0,10,10,-15,50,150,0,200,0
-15.0,0.0,10,10,-15,50,150,0,200,0
-15.0,0.0,10,10,-15,50,150,0,200,0
-15.0,0.0,10,10,-15,50,150,0,200,0
-15.0,0.0,10,10,-15,50,150,0,200,0
-15.0,0.0,10,10,-15,50,150,0,200,0
-15.0,0.0,10,10,-15,50,150,0,200,0
-15.0,0.0,10,10,-15,50,150,0,200,0
-15.0,0.0,10,10,-15,50,150,0,200,0
-15.0,0.0,10,10,-15,50,150,0,200,0
-15.0,0.0,10,10,-15,50,150,0,200,0
-15.0,0.0,10,10,-15,50,150,0,200,0
-15.0,0.0,10,10,-15,50,150,0,200,0
-15.0,0.0,10,10,-15,50,150,0,200,0
0.0,0.0,10,10,-15,50,150,0,200,0
0.0,0.0,10,10,-15,50,150,0,200,0
0.0,0.0,10,10,-15,50,150,0,200,0
0.0,0.0,10,10,-15,50,150,0,200,0
0.0,0.0,10,10,-15,50,150,0,200,0
0.0,0.0,10,10,-15,50,150,0,200,0
0.0,0.0,10,10,-15,50,150,0,200,0
0.0,0.0,10,10,-15,50,150,0,200,0
0.0,0.0,10,10,-15,50,150,0,200,0
0.0,0.0,10,10,-15,50,150,0,200,0
0.0,0.0,10,10,-15,50,150,0,200,0
0.0,0.0,10,10,-15,50,150,0,200,0
0.0,0.0,10,10,-15,50,150,0,200,0
0.0,0.0,10,10,-15,50,150,0,200,0
0.0,0.0,10,10,-15,50,150,0,200,0
0.0,0.0,10,10,-15,50,150,0,200,0
0.0,0.0,10,10,-15,50,150,0,200,0
0.0,0.0,10,10,-15,50,150,0,200,0
0.0,0.0,10,10,-15,50,150,0,200,0
0.0,0.0,10,10,-15,50,150,0,200,0
0.0,0.0,10,10,-15,50,150,0,200,0
0.0,0.0,10,10,-15,50,150,0,200,0
0.0,0.0,10,10,-15,50,150,0,200,0
0.0,0.0,10,10,-15,50,150,0,200,0
0.0,0.0,10,10,-15,50,150,0,200,0
0.0,0.0,10,10,-15,50,150,0,200,0
0.0,0.0,10,10,-15,50,150,0,200,0
0.0,0.0,10,10,-15,50,150,0,200,0
0.0,0.0,10,10,-15,50,150,0,200,0
0.0,0.0,10,10,-15,50,150,0,200,0
0.0,0.0,10,10,-15,50,150,0,200,0
0.0,0.0,10,10,-15,50,150,0,200,0
0.0,0.0,10,10,-15,50,150,0,200,0
0.0,0.0,10,10,-15,50,150,0,200,0
0.0,0.0,10,10,-15,50,150,0,200,0
0.0,0.0,10,10,-15,50,150,0,200,0
0.0,0.0,10,10,-15,50,150,0,200,0
0.0,0.0,10,10,-15,50,150,0,200,0
0.0,0.0,10,10,-15,50,150,0,200,0
0.0,0.0,10,10,-15,50,150,0,200,0
0.0,0.0,10,10,-15,50,150,0,200,0
0.0,0.0,10,10,-15,50,150,0,200,0
0.0,0.0,10,10,-15,50,150,0,200,0
0.0,0.0,10,10,-15,50,150,0,200,0
0.0,0.0,10,10,-15,50,150,0,200,0
0.0,0.0,10,10,-15,50,150,0,200,0
0.0,0.0,10,10,-15,50,150,0,200,0
0.0,0.0,10,10,-15,50,150,0,200,0
0.0,0.0,10,10,-15,50,150,0,200,0
0.0,0.0,10,10,-15,50,150,0,200,0
0.0,0.0,10,10,-15,50,150,0,200,0
0.0,0.0,10,10,-15,50,150,0,200,0
0.0,0.0,10,10,-15,50,150,0,200,0
0.0,0.0,10,10,-15,50,150,0,200,0
0.0,0.0,10,10,-15,50,150,0,200,0
0.0,0.0,10,10,-15,50,150,0,200,0
0.0,0.0,10,10,-15,50,150,0,200,0
0.0,0.0,10,10,-15,50,150,0,200,0
0.0,0.0,10,10,-15,50,150,0,200,0
0.0,0.0,10,10,-15,50,150,0,200,0
0.0,0.0,10,10,-15,50,150,0,200,0
0.0,0.0,10,10,-15,50,150,0,200,0
0.0,0.0,10,10,-15,50,150,0,200,0
0.0,0.0,10,10,-15,50,150,0,200,0
0.0,0.0,10,10,-15,50,150,0,200,0
0.0,0.0,10,10,-15,50,150,0,200,0
0.0,0.0,10,10,-15,50,150,0,200,0
0.0,0.0,10,10,-15,50,150,0,200,0
0.0,0.0,10,10,-15,50,150,0,200,0
0.0,0.0,10,10,-15,50,150,0,200,0
0.0,0.0,10,10,-15,50,150,0,200,0
0.0,0.0,10,10,-15,50,150,0,200,0
0.0,0.0,10,10,-15,50,150,0,200,0
0.0,0.0,10,10,-15,50,150,0,200,0
0.0,0.0,10,10,-15,50,150,0,200,0
0.0,0.0,10,10,-15,50,150,0,200,0
0.0,0.0,10,10,-15,50,150,0,200,0
0.0,0.0,10,10,-15,50,150,0,200,0
0.0,0.0,10,10,-15,50,150,0,200,0
0.0,0.0,10,10,-15,50,150,0,200,0
0.0,0.0,10,10,-15,50,150,0,200,0
0.0,0.0,10,10,-15,50,150,0,200,0
0.0,0.0,10,10,-15,50,150,0,200,0
0.0,0.0,10,10,-15,50,150,0,200,0
0.0,0.0,10,10,-15,50,150,0,200,0
0.0,0.0,10,10,-15,50,150,0,200,0
0.0,0.0,10,10,-15,50,150,0,200,0
0.0,0.0,10,10,-15,50,150,0,200,0
0.0,0.0,10,10,-15,50,150,0,200,0
0.0,0.0,10,10,-15,50,150,0,200,0
0.0,0.0,10,10,-15,50,150,0,200,0
0.0,0.0,10,10,-15,50,150,0,200,0
0.0,0.0,10,10,-15,50,150,0,200,0
0.0,0.0,10,10,-15,50,150,0,200,0
0.0,0.0,10,10,-15,50,150,0,200,0
0.0,0.0,10,10,-15,50,150,0,200,0
0.0,0.0,10,10,-15,50,150,0,200,0
0.0,0.0,10,10,-15,50,150,0,200,0
0.0,0.0,10,10,-15,50,150,0,200,0
0.0,0.0,10,10,-15,50,150,0,200,0
0.0,0.0,10,10,-15,50,150,0,200,0
0.0,0.0,10,10,-15,50,150,0,200,0
0.0,0.0,10,10,-15,50,150,0,200,0
0.0,0.0,10,10,-15,50,150,0,200,0
0.0,0.0,10,10,-15,50,150,0,200,0
0.0,0.0,10,10,-15,50,150,0,200,0
0.0,0.0,10,10,-15,50,150,0,200,0
0.0,0.0,10,10,-15,50,150,0,200,0
0.0,0.0,10,10,-15,50,150,0,200,0
0.0,0.0,10,10,-15,50,150,0,200,0
0.0,0.0,10,10,-15,50,150,0,200,0
0.0,0.0,10,10,-15,50,150,0,200,0
0.0,0.0,10,10,-15,50,150,0,200,0
0.0,0.0,10,10,-15,50,150,0,200,0
0.0,0.0,10,10,-15,50,150,0,200,0
0.0,0.0,10,10,-15,50,150,0,200,0
0.0,0.0,10,10,-15,50,150,0,200,0
0.0,0.0,10,10,-15,50,150,0,200,0
0.0,0.0,10,10,-15,50,150,0,200,0
0.0,0.0,10,10,-15,50,150,0,200,0
0.0,0.0,10,10,-15,50,150,0,200,0
0.0,0.0,10,10,-15,50,150,0,200,0
0.0,0.0,10,10,-15,50,150,0,200,0
0.0,0.0,10,10,-15,50,150,0,200,0
0.0,0.0,10,10,-15,50,150,0,200,0
0.0,0.0,10,10,-15,50,150,0,200,0
0.0,0.0,10,10,-15,50,150,0,200,0
0.0,0.0,10,10,-15,50,150,0,200,0
0.0,0.0,10,10,-15,50,150,0,200,0
0.0,0.0,10,10,-15,50,150,0,200,0
0.0,0.0,10,10,-15,50,150,0,200,0
0.0,0.0,10,10,-15,50,150,0,200,0
0.0,0.0,10,10,-15,50,150,0,200,0
0.0,0.0,10,10,-15,50,150,0,200,0
0.0,0.0,10,10,-15,50,150,0,200,0
0.0,0.0,10,10,-15,50,150,0,200,0
0.0,0.0,10,10,-15,50,150,0,200,0
0.0,0.0,10,10,-15,50,150,0,200,0
0.0,0.0,10,10,-15,50,150,0,200,0
0.0,0.0,10,10,-15,50,150,0,200,0
0.0,0.0,10,10,-15,50,150,0,200,0
0.0,0.0,10,10,-15,50,150,0,200,0
0.0,0.0,10,10,-15,50,150,0,200,0
0.0,0.0,10,10,-15,50,150,0,200,0
0.0,0.0,10,10,-15,50,150,0,200,0
0.0,0.0,10,10,-15,50,150,0,200,0
0.0,0.0,10,10,-15,50,150,0,200,0
0.0,0.0,10,10,-15,50,150,0,200,0
0.0,0.0,10,10,-15,50,150,0,200,0
0.0,0.0,10,10,-15,50,150,0,200,0
-5.0,0.0,10,10,-15,50,150,0,200,0
-5.0,0.0,10,10,-15,50,150,0,200,0
-5.0,0.0,10,10,-15,50,150,0,200,0
-5.0,0.0,10,10,-15,50,150,0,200,0
-5.0,0.0,10,10,-15,50,150,0,200,0
-5.0,0.0,10,10,-15,50,150,0,200,0
-5.0,0.0,10,10,-15,50,150,0,200,0
-5.0,0.0,10,10,-15,50,150,0,200,0
-5.0,0.0,10,10,-15,50,150,0,200,0
-5.0,0.0,10,10,-15,50,150,0,200,0
-5.0,0.0,10,10,-15,50,150,0,200,0
-5.0,0.0,10,10,-15,50,150,0,200,0
-5.0,0.0,10,10,-15,50,150,0,200,0
-5.0,0.0,10,10,-15,50,150,0,200,0
-5.0,0.0,10,10,-15,50,150,0,200,0
-5.0,0.0,10,10,-15,50,150,0,200,0
-5.0,0.0,10,10,-15,50,150,0,200,0
-5.0,0.0,10,10,-15,50,150,0,200,0
-5.0,0.0,10,10,-15,50,150,0,200,0
-5.0,0.0,10,10,-15,50,150,0,200,0
-5.0,0.0,10,10,-15,50,150,0,200,0
-5.0,0.0,10,10,-15,50,150,0,200,0
-5.0,0.0,10,10,-15,50,150,0,200,0
-5.0,0.0,10,10,-15,50,150,0,200,0
-5.0,0.0,10,10,-15,50,150,0,200,0
-5.0,0.0,10,10,-15,50,150,0,200,0
-5.0,0.0,10,10,-15,50,150,0,200,0
-5.0,0.0,10,10,-15,50,150,0,200,0
-5.0,0.0,10,10,-15,50,150,0,200,0
-5.0,0.0,10,10,-15,50,150,0,200,0
-5.0,0.0,10,10,-15,50,150,0,200,0
-5.0,0.0,10,10,-15,50,150,0,200,0
-5.0,0.0,10,10,-15,50,150,0,200,0
-5.0,0.0,10,10,-15,50,150,0,200,0
-5.0,0.0,10,10,-15,50,150,0,200,0
-5.0,0.0,10,10,-15,50,150,0,200,0
-5.0,0.0,10,10,-15,50,150,0,200,0
-5.0,0.0,10,10,-15,50,150,0,200,0
-5.0,0.0,10,10,-15,50,150,0,200,0
-5.0,0.0,10,10,-15,50,150,0,200,0
-5.0,0.0,10,10,-15,50,150,0,200,0
-5.0,0.0,10,10,-15,50,150,0,200,0
-5.0,0.0,10,10,-15,50,150,0,200,0
-5.0,0.0,10,10,-15,50,150,0,200,0
-5.0,0.0,10,10,-15,50,150,0,200,0
-5.0,0.0,10,10,-15,50,150,0,200,0
-5.0,0.0,10,10,-15,50,150,0,200,0
-5.0,0.0,10,10,-15,50,150,0,200,0
-5.0,0.0,10,10,-15,50,150,0,200,0
-5.0,0.0,10,10,-15,50,150,0,200,0
0.0,0.0,10,10,-15,50,150,0,200,0
0.0,0.0,10,10,-15,50,150,0,200,0
0.0,0.0,10,10,-15,50,150,0,200,0
0.0,0.0,10,10,-15,50,150,0,200,0
0.0,0.0,10,10,-15,50,150,0,200,0
0.0,0.0,10,10,-15,50,150,0,200,0
0.0,0.0,10,10,-15,50,150,0,200,0
0.0,0.0,10,10,-15,50,150,0,200,0
0.0,0.0,10,10,-15,50,150,0,200,0
0.0,0.0,10,10,-15,50,150,0,200,0
0.0,0.0,10,10,-15,50,150,0,200,0
0.0,0.0,10,10,-15,50,150,0,200,0
0.0,0.0,10,10,-15,50,150,0,200,0
0.0,0.0,10,10,-15,50,150,0,200,0
0.0,0.0,10,10,-15,50,150,0,200,0
0.0,0.0,10,10,-15,50,150,0,200,0
0.0,0.0,10,10,-15,50,150,0,200,0
0.0,0.0,10,10,-15,50,150,0,200,0
0.0,0.0,10,10,-15,50,150,0,200,0
0.0,0.0,10,10,-15,50,150,0,200,0
0.0,0.0,10,10,-15,50,150,0,200,0
0.0,0.0,10,10,-15,50,150,0,200,0
0.0,0.0,10,10,-15,50,150,0,200,0
0.0,0.0,10,10,-15,50,150,0,200,0
0.0,0.0,10,10,-15,50,150,0,200,0
0.0,0.0,10,10,-15,50,150,0,200,0
0.0,0.0,10,10,-15,50,150,0,200,0
0.0,0.0,10,10,-15,50,150,0,200,0
0.0,0.0,10,10,-15,50,150,0,200,0
0.0,0.0,10,10,-15,50,150,0,200,0
0.0,0.0,10,10,-15,50,150,0,200,0
0.0,0.0,10,10,-15,50,150,0,200,0
0.0,0.0,10,10,-15,50,150,0,200,0
0.0,0.0,10,10,-15,50,150,0,200,0
0.0,0.0,10,10,-15,50,150,0,200,0
0.0,0.0,10,10,-15,50,150,0,200,0
0.0,0.0,10,10,-15,50,150,0,200,0
0.0,0.0,10,10,-15,50,150,0,200,0
0.0,0.0,10,10,-15,50,150,0,200,0
0.0,0.0,10,10,-15,50,150,0,200,0
0.0,0.0,10,10,-15,50,150,0,200,0
0.0,0.0,10,10,-15,50,150,0,200,0
0.0,0.0,10,10,-15,50,150,0,200,0
0.0,0.0,10,10,-15,50,150,0,200,0
0.0,0.0,10,10,-15,50,150,0,200,0
0.0,0.0,10,10,-15,50,150,0,200,0
0.0,0.0,10,10,-15,50,150,0,200,0
0.0,0.0,10,10,-15,50,150,0,200,0
0.0,0.0,10,10,-15,50,150,0,200,0
0.0,0.0,10,10,-15,50,150,0,200,0
0.0,0.0,10,10,-15,50,150,0,200,0
0.0,0.0,10,10,-15,50,150,0,200,0
0.0,0.0,10,10,-15,50,150,0,200,0
0.0,0.0,10,10,-15,50,150,0,200,0
0.0,0.0,10,10,-15,50,150,0,200,0
0.0,0.0,10,10,-15,50,150,0,200,0
0.0,0.0,10,10,-15,50,150,0,200,0
0.0,0.0,10,10,-15,50,150,0,200,0
0.0,0.0,10,10,-15,50,150,0,200,0
0.0,0.0,10,10,-15,50,150,0,200,0
0.0,0.0,10,10,-15,50,150,0,200,0
0.0,0.0,10,10,-15,50,150,0,200,0
0.0,0.0,10,10,-15,50,150,0,200,0
0.0,0.0,10,10,-15,50,150,0,200,0
0.0,0.0,10,10,-15,50,150,0,200,0
0.0,0.0,10,10,-15,50,150,0,200,0
0.0,0.0,10,10,-15,50,150,0,200,0
0.0,0.0,10,10,-15,50,150,0,200,0
0.0,0.0,10,10,-15,50,150,0,200,0
0.0,0.0,10,10,-15,50,150,0,200,0
0.0,0.0,10,10,-15,50,150,0,200,0
0.0,0.0,10,10,-15,50,150,0,200,0
0.0,0.0,10,10,-15,50,150,0,200,0
0.0,0.0,10,10,-15,50,150,0,200,0
0.0,0.0,10,10,-15,50,150,0,200,0
0.0,0.0,10,10,-15,50,150,0,200,0
0.0,0.0,10,10,-15,50,150,0,200,0
0.0,0.0,10,10,-15,50,150,0,200,0
0.0,0.0,10,10,-15,50,150,0,200,0
0.0,0.0,10,10,-15,50,150,0,200,0
0.0,0.0,10,10,-15,50,150,0,200,0
0.0,0.0,10,10,-15,50,150,0,200,0
0.0,0.0,10,10,-15,50,150,0,200,0
0.0,0.0,10,10,-15,50,150,0,200,0
0.0,0.0,10,10,-15,50,150,0,200,0
0.0,0.0,10,10,-15,50,150,0,200,0
0.0,0.0,10,10,-15,50,150,0,200,0
0.0,0.0,10,10,-15,50,150,0,200,0
0.0,0.0,10,10,-15,50,150,0,200,0
0.0,0.0,10,10,-15,50,150,0,200,0
0.0,0.0,10,10,-15,50,150,0,200,0
0.0,0.0,10,10,-15,50,150,0,200,0
0.0,0.0,10,10,-15,50,150,0,200,0
0.0,0.0,10,10,-15,50,150,0,200,0
0.0,0.0,10,10,-15,50,150,0,200,0
0.0,0.0,10,10,-15,50,150,0,200,0
0.0,0.0,10,10,-15,50,150,0,200,0
0.0,0.0,10,10,-15,50,150,0,200,0
0.0,0.0,10,10,-15,50,150,0,200,0
0.0,0.0,10,10,-15,50,150,0,200,0
0.0,0.0,10,10,-15,50,150,0,200,0
0.0,0.0,10,10,-15,50,150,0,200,0
0.0,0.0,10,10,-15,50,150,0,200,0
0.0,0.0,10,10,-15,50,150,0,200,0
0.0,0.0,10,10,-15,50,150,0,200,0
0.0,0.0,10,10,-15,50,150,0,200,0
0.0,0.0,10,10,-15,50,150,0,200,0
0.0,0.0,10,10,-15,50,150,0,200,0
0.0,0.0,10,10,-15,50,150,0,200,0
0.0,0.0,10,10,-15,50,150,0,200,0
0.0,0.0,10,10,-15,50,150,0,200,0
0.0,0.0,10,10,-15,50,150,0,200,0
0.0,0.0,10,10,-15,50,150,0,200,0
0.0,0.0,10,10,-15,50,150,0,200,0
0.0,0.0,10,10,-15,50,150,0,200,0
0.0,0.0,10,10,-15,50,150,0,200,0
0.0,0.0,10,10,-15,50,150,0,200,0
0.0,0.0,10,10,-15,50,150,0,200,0
0.0,0.0,10,10,-15,50,150,0,200,0
0.0,0.0,10,10,-15,50,150,0,200,0
0.0,0.0,10,10,-15,50,150,0,200,0
0.0,0.0,10,10,-15,50,150,0,200,0
0.0,0.0,10,10,-15,50,150,0,200,0
0.0,0.0,10,10,-15,50,150,0,200,0
0.0,0.0,10,10,-15,50,150,0,200,0
0.0,0.0,10,10,-15,50,150,0,200,0
0.0,0.0,10,10,-15,50,150,0,200,0
0.0,0.0,10,10,-15,50,150,0,200,0
0.0,0.0,10,10,-15,50,150,0,200,0
0.0,0.0,10,10,-15,50,150,0,200,0
0.0,0.0,10,10,-15,50,150,0,200,0
0.0,0.0,10,10,-15,50,150,0,200,0
0.0,0.0,10,10,-15,50,150,0,200,0
0.0,0.0,10,10,-15,50,150,0,200,0
0.0,0.0,10,10,-15,50,150,0,200,0
0.0,0.0,10,10,-15,50,150,0,200,0
0.0,0.0,10,10,-15,50,150,0,200,0
0.0,0.0,10,10,-15,50,150,0,200,0
0.0,0.0,10,10,-15,50,150,0,200,0
0.0,0.0,10,10,-15,50,150,0,200,0
0.0,0.0,10,10,-15,50,150,0,200,0
0.0,0.0,10,10,-15,50,150,0,200,0
0.0,0.0,10,10,-15,50,150,0,200,0
0.0,0.0,10,10,-15,50,150,0,200,0
0.0,0.0,10,10,-15,50,150,0,200,0
0.0,0.0,10,10,-15,50,150,0,200,0
0.0,0.0,10,10,-15,50,150,0,200,0
0.0,0.0,10,10,-15,50,150,0,200,0
0.0,0.0,10,10,-15,50,150,0,200,0
0.0,0.0,10,10,-15,50,150,0,200,0
5.0,0.0,10,10,-15,50,150,0,200,0
5.0,0.0,10,10,-15,50,150,0,200,0
5.0,0.0,10,10,-15,50,150,0,200,0
5.0,0.0,10,10,-15,50,150,0,200,0
5.0,0.0,10,10,-15,50,150,0,200,0
5.0,0.0,10,10,-15,50,150,0,200,0
5.0,0.0,10,10,-15,50,150,0,200,0
5.0,0.0,10,10,-15,50,150,0,200,0
5.0,0.0,10,10,-15,50,150,0,200,0
5.0,0.0,10,10,-15,50,150,0,200,0
5.0,0.0,10,10,-15,50,150,0,200,0
5.0,0.0,10,10,-15,50,150,0,200,0
5.0,0.0,10,10,-15,50,150,0,200,0
5.0,0.0,10,10,-15,50,150,0,200,0
5.0,0.0,10,10,-15,50,150,0,200,0
5.0,0.0,10,10,-15,50,150,0,200,0
5.0,0.0,10,10,-15,50,150,0,200,0
5.0,0.0,10,10,-15,50,150,0,200,0
5.0,0.0,10,10,-15,50,150,0,200,0
5.0,0.0,10,10,-15,50,150,0,200,0
5.0,0.0,10,10,-15,50,150,0,200,0
5.0,0.0,10,10,-15,50,150,0,200,0
5.0,0.0,10,10,-15,50,150,0,200,0
5.0,0.0,10,10,-15,50,150,0,200,0
5.0,0.0,10,10,-15,50,150,0,200,0
5.0,0.0,10,10,-15,50,150,0,200,0
5.0,0.0,10,10,-15,50,150,0,200,0
5.0,0.0,10,10,-15,50,150,0,200,0
5.0,0.0,10,10,-15,50,150,0,200,0
5.0,0.0,10,10,-15,50,150,0,200,0
5.0,0.0,10,10,-15,50,150,0,200,0
5.0,0.0,10,10,-15,50,150,0,200,0
5.0,0.0,10,10,-15,50,150,0,200,0
5.0,0.0,10,10,-15,50,150,0,200,0
5.0,0.0,10,10,-15,50,150,0,200,0
5.0,0.0,10,10,-15,50,150,0,200,0
5.0,0.0,10,10,-15,50,150,0,200,0
5.0,0.0,10,10,-15,50,150,0,200,0
5.0,0.0,10,10,-15,50,150,0,200,0
5.0,0.0,10,10,-15,50,150,0,200,0
5.0,0.0,10,10,-15,50,150,0,200,0
5.0,0.0,10,10,-15,50,150,0,200,0
5.0,0.0,10,10,-15,50,150,0,200,0
5.0,0.0,10,10,-15,50,150,0,200,0
5.0,0.0,10,10,-15,50,150,0,200,0
5.0,0.0,10,10,-15,50,150,0,200,0
5.0,0.0,10,10,-15,50,150,0,200,0
5.0,0.0,10,10,-15,50,150,0,200,0
5.0,0.0,10,10,-15,50,150,0,200,0
5.0,0.0,10,10,-15,50,150,0,200,0
0.0,0.0,10,10,-15,50,150,0,200,0
0.0,0.0,10,10,-15,50,150,0,200,0
0.0,0.0,10,10,-15,50,150,0,200,0
0.0,0.0,10,10,-15,50,150,0,200,0
0.0,0.0,10,10,-15,50,150,0,200,0
0.0,0.0,10,10,-15,50,150,0,200,0
0.0,0.0,10,10,-15,50,150,0,200,0
0.0,0.0,10,10,-15,50,150,0,200,0
0.0,0.0,10,10,-15,50,150,0,200,0
0.0,0.0,10,10,-15,50,150,0,200,0
0.0,0.0,10,10,-15,50,150,0,200,0
0.0,0.0,10,10,-15,50,150,0,200,0
0.0,0.0,10,10,-15,50,150,0,200,0
0.0,0.0,10,10,-15,50,150,0,200,0
0.0,0.0,10,10,-15,50,150,0,200,0
0.0,0.0,10,10,-15,50,150,0,200,0
0.0,0.0,10,10,-15,50,150,0,200,0
0.0,0.0,10,10,-15,50,150,0,200,0
0.0,0.0,10,10,-15,50,150,0,200,0
0.0,0.0,10,10,-15,50,150,0,200,0
0.0,0.0,10,10,-15,50,150,0,200,0
0.0,0.0,10,10,-15,50,150,0,200,0
0.0,0.0,10,10,-15,50,150,0,200,0
0.0,0.0,10,10,-15,50,150,0,200,0
0.0,0.0,10,10,-15,50,150,0,200,0
0.0,0.0,10,10,-15,50,150,0,200,0
0.0,0.0,10,10,-15,50,150,0,200,0
0.0,0.0,10,10,-15,50,150,0,200,0
0.0,0.0,10,10,-15,50,150,0,200,0
0.0,0.0,10,10,-15,50,150,0,200,0
0.0,0.0,10,10,-15,50,150,0,200,0
0.0,0.0,10,10,-15,50,150,0,200,0
0.0,0.0,10,10,-15,50,150,0,200,0
0.0,0.0,10,10,-15,50,150,0,200,0
0.0,0.0,10,10,-15,50,150,0,200,0
0.0,0.0,10,10,-15,50,150,0,200,0
0.0,0.0,10,10,-15,50,150,0,200,0
0.0,0.0,10,10,-15,50,150,0,200,0
0.0,0.0,10,10,-15,50,150,0,200,0
0.0,0.0,10,10,-15,50,150,0,200,0
0.0,0.0,10,10,-15,50,150,0,200,0
0.0,0.0,10,10,-15,50,150,0,200,0
0.0,0.0,10,10,-15,50,150,0,200,0
0.0,0.0,10,10,-15,50,150,0,200,0
0.0,0.0,10,10,-15,50,150,0,200,0
0.0,0.0,10,10,-15,50,150,0,200,0
0.0,0.0,10,10,-15,50,150,0,200,0
0.0,0.0,10,10,-15,50,150,0,200,0
0.0,0.0,10,10,-15,50,150,0,200,0
0.0,0.0,10,10,-15,50,150,0,200,0
0.0,0.0,10,10,-15,50,150,0,200,0
0.0,0.0,10,10,-15,50,150,0,200,0
0.0,0.0,10,10,-15,50,150,0,200,0
0.0,0.0,10,10,-15,50,150,0,200,0
0.0,0.0,10,10,-15,50,150,0,200,0
0.0,0.0,10,10,-15,50,150,0,200,0
0.0,0.0,10,10,-15,50,150,0,200,0
0.0,0.0,10,10,-15,50,150,0,200,0
0.0,0.0,10,10,-15,50,150,0,200,0
0.0,0.0,10,10,-15,50,150,0,200,0
0.0,0.0,10,10,-15,50,150,0,200,0
0.0,0.0,10,10,-15,50,150,0,200,0
0.0,0.0,10,10,-15,50,150,0,200,0
0.0,0.0,10,10,-15,50,150,0,200,0
0.0,0.0,10,10,-15,50,150,0,200,0
0.0,0.0,10,10,-15,50,150,0,200,0
0.0,0.0,10,10,-15,50,150,0,200,0
0.0,0.0,10,10,-15,50,150,0,200,0
0.0,0.0,10,10,-15,50,150,0,200,0
0.0,0.0,10,10,-15,50,150,0,200,0
0.0,0.0,10,10,-15,50,150,0,200,0
0.0,0.0,10,10,-15,50,150,0,200,0
0.0,0.0,10,10,-15,50,150,0,200,0
0.0,0.0,10,10,-15,50,150,0,200,0
0.0,0.0,10,10,-15,50,150,0,200,0
0.0,0.0,10,10,-15,50,150,0,200,0
0.0,0.0,10,10,-15,50,150,0,200,0
0.0,0.0,10,10,-15,50,150,0,200,0
0.0,0.0,10,10,-15,50,150,0,200,0
0.0,0.0,10,10,-15,50,150,0,200,0
0.0,0.0,10,10,-15,50,150,0,200,0
0.0,0.0,10,10,-15,50,150,0,200,0
0.0,0.0,10,10,-15,50,150,0,200,0
0.0,0.0,10,10,-15,50,150,0,200,0
0.0,0.0,10,10,-15,50,150,0,200,0
0.0,0.0,10,10,-15,50,150,0,200,0
0.0,0.0,10,10,-15,50,150,0,200,0
0.0,0.0,10,10,-15,50,150,0,200,0
0.0,0.0,10,10,-15,50,150,0,200,0
0.0,0.0,10,10,-15,50,150,0,200,0
0.0,0.0,10,10,-15,50,150,0,200,0
0.0,0.0,10,10,-15,50,150,0,200,0
0.0,0.0,10,10,-15,50,150,0,200,0
0.0,0.0,10,10,-15,50,150,0,200,0
0.0,0.0,10,10,-15,50,150,0,200,0
0.0,0.0,10,10,-15,50,150,0,200,0
0.0,0.0,10,10,-15,50,150,0,200,0
0.0,0.0,10,10,-15,50,150,0,200,0
0.0,0.0,10,10,-15,50,150,0,200,0
0.0,0.0,10,10,-15,50,150,0,200,0
0.0,0.0,10,10,-15,50,150,0,200,0
0.0,0.0,10,10,-15,50,150,0,200,0
0.0,0.0,10,10,-15,50,150,0,200,0
0.0,0.0,10,10,-15,50,150,0,200,0
0.0,0.0,10,10,-15,50,150,0,200,0
0.0,0.0,10,10,-15,50,150,0,200,0
0.0,0.0,10,10,-15,50,150,0,200,0
0.0,0.0,10,10,-15,50,150,0,200,0
0.0,0.0,10,10,-15,50,150,0,200,0
0.0,0.0,10,10,-15,50,150,0,200,0
0.0,0.0,10,10,-15,50,150,0,200,0
0.0,0.0,10,10,-15,50,150,0,200,0
0.0,0.0,10,10,-15,50,150,0,200,0
0.0,0.0,10,10,-15,50,150,0,200,0
0.0,0.0,10,10,-15,50,150,0,200,0
0.0,0.0,10,10,-15,50,150,0,200,0
0.0,0.0,10,10,-15,50,150,0,200,0
0.0,0.0,10,10,-15,50,150,0,200,0
0.0,0.0,10,10,-15,50,150,0,200,0
0.0,0.0,10,10,-15,50,150,0,200,0
0.0,0.0,10,10,-15,50,150,0,200,0
0.0,0.0,10,10,-15,50,150,0,200,0
0.0,0.0,10,10,-15,50,150,0,200,0
0.0,0.0,10,10,-15,50,150,0,200,0
0.0,0.0,10,10,-15,50,150,0,200,0
0.0,0.0,10,10,-15,50,150,0,200,0
0.0,0.0,10,10,-15,50,150,0,200,0
0.0,0.0,10,10,-15,50,150,0,200,0
0.0,0.0,10,10,-15,50,150,0,200,0
0.0,0.0,10,10,-15,50,150,0,200,0
0.0,0.0,10,10,-15,50,150,0,200,0
0.0,0.0,10,10,-15,50,150,0,200,0
0.0,0.0,10,10,-15,50,150,0,200,0
0.0,0.0,10,10,-15,50,150,0,200,0
0.0,0.0,10,10,-15,50,150,0,200,0
0.0,0.0,10,10,-15,50,150,0,200,0
0.0,0.0,10,10,-15,50,150,0,200,0
0.0,0.0,10,10,-15,50,150,0,200,0
0.0,0.0,10,10,-15,50,150,0,200,0
0.0,0.0,10,10,-15,50,150,0,200,0
0.0,0.0,10,10,-15,50,150,0,200,0
0.0,0.0,10,10,-15,50,150,0,200,0
0.0,0.0,10,10,-15,50,150,0,200,0
0.0,0.0,10,10,-15,50,150,0,200,0
0.0,0.0,10,10,-15,50,150,0,200,0
0.0,0.0,10,10,-15,50,150,0,200,0
0.0,0.0,10,10,-15,50,150,0,200,0
0.0,0.0,10,10,-15,50,150,0,200,0
0.0,0.0,10,10,-15,50,150,0,200,0
0.0,0.0,10,10,-15,50,150,0,200,0
15.0,0.0,10,10,-15,50,150,0,200,0
15.0,0.0,10,10,-15,50,150,0,200,0
15.0,0.0,10,10,-15,50,150,0,200,0
15.0,0.0,10,10,-15,50,150,0,200,0
15.0,0.0,10,10,-15,50,150,0,200,0
15.0,0.0,10,10,-15,50,150,0,200,0
15.0,0.0,10,10,-15,50,150,0,200,0
15.0,0.0,10,10,-15,50,150,0,200,0
15.0,0.0,10,10,-15,50,150,0,200,0
15.0,0.0,10,10,-15,50,150,0,200,0
15.0,0.0,10,10,-15,50,150,0,200,0
15.0,0.0,10,10,-15,50,150,0,200,0
15.0,0.0,10,10,-15,50,150,0,200,0
15.0,0.0,10,10,-15,50,150,0,200,0
15.0,0.0,10,10,-15,50,150,0,200,0
15.0,0.0,10,10,-15,50,150,0,200,0
15.0,0.0,10,10,-15,50,150,0,200,0
15.0,0.0,10,10,-15,50,150,0,200,0
15.0,0.0,10,10,-15,50,150,0,200,0
15.0,0.0,10,10,-15,50,150,0,200,0
15.0,0.0,10,10,-15,50,150,0,200,0
15.0,0.0,10,10,-15,50,150,0,200,0
15.0,0.0,10,10,-15,50,150,0,200,0
15.0,0.0,10,10,-15,50,150,0,200,0
15.0,0.0,10,10,-15,50,150,0,200,0
15.0,0.0,10,10,-15,50,150,0,200,0
15.0,0.0,10,10,-15,50,150,0,200,0
15.0,0.0,10,10,-15,50,150,0,200,0
15.0,0.0,10,10,-15,50,150,0,200,0
15.0,0.0,10,10,-15,50,150,0,200,0
15.0,0.0,10,10,-15,50,150,0,200,0
15.0,0.0,10,10,-15,50,150,0,200,0
15.0,0.0,10,10,-15,50,150,0,200,0
15.0,0.0,10,10,-15,50,150,0,200,0
15.0,0.0,10,10,-15,50,150,0,200,0
15.0,0.0,10,10,-15,50,150,0,200,0
15.0,0.0,10,10,-15,50,150,0,200,0
15.0,0.0,10,10,-15,50,150,0,200,0
15.0,0.0,10,10,-15,50,150,0,200,0
15.0,0.0,10,10,-15,50,150,0,200,0
15.0,0.0,10,10,-15,50,150,0,200,0
15.0,0.0,10,10,-15,50,150,0,200,0
15.0,0.0,10,10,-15,50,150,0,200,0
15.0,0.0,10,10,-15,50,150,0,200,0
15.0,0.0,10,10,-15,50,150,0,200,0
15.0,0.0,10,10,-15,50,150,0,200,0
15.0,0.0,10,10,-15,50,150,0,200,0
15.0,0.0,10,10,-15,50,150,0,200,0
15.0,0.0,10,10,-15,50,150,0,200,0
15.0,0.0,10,10,-15,50,150,0,200,0
0.0,0.0,10,10,-15,50,150,0,200,0
0.0,0.0,10,10,-15,50,150,0,200,0
0.0,0.0,10,10,-15,50,150,0,200,0
0.0,0.0,10,10,-15,50,150,0,200,0
0.0,0.0,10,10,-15,50,150,0,200,0
0.0,0.0,10,10,-15,50,150,0,200,0
0.0,0.0,10,10,-15,50,150,0,200,0
0.0,0.0,10,10,-15,50,150,0,200,0
0.0,0.0,10,10,-15,50,150,0,200,0
0.0,0.0,10,10,-15,50,150,0,200,0
0.0,0.0,10,10,-15,50,150,0,200,0
0.0,0.0,10,10,-15,50,150,0,200,0
0.0,0.0,10,10,-15,50,150,0,200,0
0.0,0.0,10,10,-15,50,150,0,200,0
0.0,0.0,10,10,-15,50,150,0,200,0
0.0,0.0,10,10,-15,50,150,0,200,0
0.0,0.0,10,10,-15,50,150,0,200,0
0.0,0.0,10,10,-15,50,150,0,200,0
0.0,0.0,10,10,-15,50,150,0,200,0
0.0,0.0,10,10,-15,50,150,0,200,0
0.0,0.0,10,10,-15,50,150,0,200,0
0.0,0.0,10,10,-15,50,150,0,200,0
0.0,0.0,10,10,-15,50,150,0,200,0
0.0,0.0,10,10,-15,50,150,0,200,0
0.0,0.0,10,10,-15,50,150,0,200,0
0.0,0.0,10,10,-15,50,150,0,200,0
0.0,0.0,10,10,-15,50,150,0,200,0
0.0,0.0,10,10,-15,50,150,0,200,0
0.0,0.0,10,10,-15,50,150,0,200,0
0.0,0.0,10,10,-15,50,150,0,200,0
0.0,0.0,10,10,-15,50,150,0,200,0
0.0,0.0,10,10,-15,50,150,0,200,0
0.0,0.0,10,10,-15,50,150,0,200,0
0.0,0.0,10,10,-15,50,150,0,200,0
0.0,0.0,10,10,-15,50,150,0,200,0
0.0,0.0,10,10,-15,50,150,0,200,0
0.0,0.0,10,10,-15,50,150,0,200,0
0.0,0.0,10,10,-15,50,150,0,200,0
0.0,0.0,10,10,-15,50,150,0,200,0
0.0,0.0,10,10,-15,50,150,0,200,0
0.0,0.0,10,10,-15,50,150,0,200,0
0.0,0.0,10,10,-15,50,150,0,200,0
0.0,0.0,10,10,-15,50,150,0,200,0
0.0,0.0,10,10,-15,50,150,0,200,0
0.0,0.0,10,10,-15,50,150,0,200,0
0.0,0.0,10,10,-15,50,150,0,200,0
0.0,0.0,10,10,-15,50,150,0,200,0
0.0,0.0,10,10,-15,50,150,0,200,0
0.0,0.0,10,10,-15,50,150,0,200,0
0.0,0.0,10,10,-15,50,150,0,200,0
0.0,0.0,10,10,-15,50,150,0,200,0
0.0,0.0,10,10,-15,50,150,0,200,0
0.0,0.0,10,10,-15,50,150,0,200,0
0.0,0.0,10,10,-15,50,150,0,200,0
0.0,0.0,10,10,-15,50,150,0,200,0
0.0,0.0,10,10,-15,50,150,0,200,0
0.0,0.0,10,10,-15,50,150,0,200,0
0.0,0.0,10,10,-15,50,150,0,200,0
0.0,0.0,10,10,-15,50,150,0,200,0
0.0,0.0,10,10,-15,50,150,0,200,0
0.0,0.0,10,10,-15,50,150,0,200,0
0.0,0.0,10,10,-15,50,150,0,200,0
0.0,0.0,10,10,-15,50,150,0,200,0
0.0,0.0,10,10,-15,50,150,0,200,0
0.0,0.0,10,10,-15,50,150,0,200,0
0.0,0.0,10,10,-15,50,150,0,200,0
0.0,0.0,10,10,-15,50,150,0,200,0
0.0,0.0,10,10,-15,50,150,0,200,0
0.0,0.0,10,10,-15,50,150,0,200,0
0.0,0.0,10,10,-15,50,150,0,200,0
0.0,0.0,10,10,-15,50,150,0,200,0
0.0,0.0,10,10,-15,50,150,0,200,0
0.0,0.0,10,10,-15,50,150,0,200,0
0.0,0.0,10,10,-15,50,150,0,200,0
0.0,0.0,10,10,-15,50,150,0,200,0
0.0,0.0,10,10,-15,50,150,0,200,0
0.0,0.0,10,10,-15,50,150,0,200,0
0.0,0.0,10,10,-15,50,150,0,200,0
0.0,0.0,10,10,-15,50,150,0,200,0
0.0,0.0,10,10,-15,50,150,0,200,0
0.0,0.0,10,10,-15,50,150,0,200,0
0.0,0.0,10,10,-15,50,150,0,200,0
0.0,0.0,10,10,-15,50,150,0,200,0
0.0,0.0,10,10,-15,50,150,0,200,0
0.0,0.0,10,10,-15,50,150,0,200,0
0.0,0.0,10,10,-15,50,150,0,200,0
0.0,0.0,10,10,-15,50,150,0,200,0
0.0,0.0,10,10,-15,50,150,0,200,0
0.0,0.0,10,10,-15,50,150,0,200,0
0.0,0.0,10,10,-15,50,150,0,200,0
0.0,0.0,10,10,-15,50,150,0,200,0
0.0,0.0,10,10,-15,50,150,0,200,0
0.0,0.0,10,10,-15,50,150,0,200,0
0.0,0.0,10,10,-15,50,150,0,200,0
0.0,0.0,10,10,-15,50,150,0,200,0
0.0,0.0,10,10,-15,50,150,0,200,0
0.0,0.0,10,10,-15,50,150,0,200,0
0.0,0.0,10,10,-15,50,150,0,200,0
0.0,0.0,10,10,-15,50,150,0,200,0
0.0,0.0,10,10,-15,50,150,0,200,0
0.0,0.0,10,10,-15,50,150,0,200,0
0.0,0.0,10,10,-15,50,150,0,200,0
0.0,0.0,10,10,-15,50,150,0,200,0
0.0,0.0,10,10,-15,50,150,0,200,0
0.0,0.0,10,10,-15,50,150,0,200,0
0.0,0.0,10,10,-15,50,150,0,200,0
0.0,0.0,10,10,-15,50,150,0,200,0
0.0,0.0,10,10,-15,50,150,0,200,0
0.0,0.0,10,10,-15,50,150,0,200,0
0.0,0.0,10,10,-15,50,150,0,200,0
0.0,0.0,10,10,-15,50,150,0,200,0
0.0,0.0,10,10,-15,50,150,0,200,0
0.0,0.0,10,10,-15,50,150,0,200,0
0.0,0.0,10,10,-15,50,150,0,200,0
0.0,0.0,10,10,-15,50,150,0,200,0
0.0,0.0,10,10,-15,50,150,0,200,0
0.0,0.0,10,10,-15,50,150,0,200,0
0.0,0.0,10,10,-15,50,150,0,200,0
0.0,0.0,10,10,-15,50,150,0,200,0
0.0,0.0,10,10,-15,50,150,0,200,0
0.0,0.0,10,10,-15,50,150,0,200,0
0.0,0.0,10,10,-15,50,150,0,200,0
0.0,0.0,10,10,-15,50,150,0,200,0
0.0,0.0,10,10,-15,50,150,0,200,0
0.0,0.0,10,10,-15,50,150,0,200,0
0.0,0.0,10,10,-15,50,150,0,200,0
0.0,0.0,10,10,-15,50,150,0,200,0
0.0,0.0,10,10,-15,50,150,0,200,0
0.0,0.0,10,10,-15,50,150,0,200,0
0.0,0.0,10,10,-15,50,150,0,200,0
0.0,0.0,10,10,-15,50,150,0,200,0
0.0,0.0,10,10,-15,50,150,0,200,0
0.0,0.0,10,10,-15,50,150,0,200,0
0.0,0.0,10,10,-15,50,150,0,200,0
0.0,0.0,10,10,-15,50,150,0,200,0
0.0,0.0,10,10,-15,50,150,0,200,0
0.0,0.0,10,10,-15,50,150,0,200,0
0.0,0.0,10,10,-15,50,150,0,200,0
0.0,0.0,10,10,-15,50,150,0,200,0
0.0,0.0,10,10,-15,50,150,0,200,0
0.0,0.0,10,10,-15,50,150,0,200,0
0.0,0.0,10,10,-15,50,150,0,200,0
0.0,0.0,10,10,-15,50,150,0,200,0
0.0,0.0,10,10,-15,50,150,0,200,0
0.0,0.0,10,10,-15,50,150,0,200,0
0.0,0.0,10,10,-15,50,150,0,200,0
0.0,0.0,10,10,-15,50,150,0,200,0
0.0,0.0,10,10,-15,50,150,0,200,0
0.0,0.0,10,10,-15,50,150,0,200,0
0.0,0.0,10,10,-15,50,150,0,200,0
25.0,0.0,10,10,-15,50,150,0,200,0
25.0,0.0,10,10,-15,50,150,0,200,0
25.0,0.0,10,10,-15,50,150,0,200,0
25.0,0.0,10,10,-15,50,150,0,200,0
25.0,0.0,10,10,-15,50,150,0,200,0
25.0,0.0,10,10,-15,50,150,0,200,0
25.0,0.0,10,10,-15,50,150,0,200,0
25.0,0.0,10,10,-15,50,150,0,200,0
25.0,0.0,10,10,-15,50,150,0,200,0
25.0,0.0,10,10,-15,50,150,0,200,0
25.0,0.0,10,10,-15,50,150,0,200,0
25.0,0.0,10,10,-15,50,150,0,200,0
25.0,0.0,10,10,-15,50,150,0,200,0
25.0,0.0,10,10,-15,50,150,0,200,0
25.0,0.0,10,10,-15,50,150,0,200,0
25.0,0.0,10,10,-15,50,150,0,200,0
25.0,0.0,10,10,-15,50,150,0,200,0
25.0,0.0,10,10,-15,50,150,0,200,0
25.0,0.0,10,10,-15,50,150,0,200,0
25.0,0.0,10,10,-15,50,150,0,200,0
25.0,0.0,10,10,-15,50,150,0,200,0
25.0,0.0,10,10,-15,50,150,0,200,0
25.0,0.0,10,10,-15,50,150,0,200,0
25.0,0.0,10,10,-15,50,150,0,200,0
25.0,0.0,10,10,-15,50,150,0,200,0
25.0,0.0,10,10,-15,50,150,0,200,0
25.0,0.0,10,10,-15,50,150,0,200,0
25.0,0.0,10,10,-15,50,150,0,200,0
25.0,0.0,10,10,-15,50,150,0,200,0
25.0,0.0,10,10,-15,50,150,0,200,0
25.0,0.0,10,10,-15,50,150,0,200,0
25.0,0.0,10,10,-15,50,150,0,200,0
25.0,0.0,10,10,-15,50,150,0,200,0
25.0,0.0,10,10,-15,50,150,0,200,0
25.0,0.0,10,10,-15,50,150,0,200,0
25.0,0.0,10,10,-15,50,150,0,200,0
25.0,0.0,10,10,-15,50,150,0,200,0
25.0,0.0,10,10,-15,50,150,0,200,0
25.0,0.0,10,10,-15,50,150,0,200,0
25.0,0.0,10,10,-15,50,150,0,200,0
25.0,0.0,10,10,-15,50,150,0,200,0
25.0,0.0,10,10,-15,50,150,0,200,0
25.0,0.0,10,10,-15,50,150,0,200,0
25.0,0.0,10,10,-15,50,150,0,200,0
25.0,0.0,10,10,-15,50,150,0,200,0
25.0,0.0,10,10,-15,50,150,0,200,0
25.0,0.0,10,10,-15,50,150,0,200,0
25.0,0.0,10,10,-15,50,150,0,200,0
25.0,0.0,10,10,-15,50,150,0,200,0
25.0,0.0,10,10,-15,50,150,0,200,0
0.0,0.0,10,10,-15,50,150,0,200,0
0.0,0.0,10,10,-15,50,150,0,200,0
0.0,0.0,10,10,-15,50,150,0,200,0
0.0,0.0,10,10,-15,50,150,0,200,0
0.0,0.0,10,10,-15,50,150,0,200,0
0.0,0.0,10,10,-15,50,150,0,200,0
0.0,0.0,10,10,-15,50,150,0,200,0
0.0,0.0,10,10,-15,50,150,0,200,0
0.0,0.0,10,10,-15,50,150,0,200,0
0.0,0.0,10,10,-15,50,150,0,200,0
0.0,0.0,10,10,-15,50,150,0,200,0
0.0,0.0,10,10,-15,50,150,0,200,0
0.0,0.0,10,10,-15,50,150,0,200,0
0.0,0.0,10,10,-15,50,150,0,200,0
0.0,0.0,10,10,-15,50,150,0,200,0
0.0,0.0,10,10,-15,50,150,0,200,0
0.0,0.0,10,10,-15,50,150,0,200,0
0.0,0.0,10,10,-15,50,150,0,200,0
0.0,0.0,10,10,-15,50,150,0,200,0
0.0,0.0,10,10,-15,50,150,0,200,0
0.0,0.0,10,10,-15,50,150,0,200,0
0.0,0.0,10,10,-15,50,150,0,200,0
0.0,0.0,10,10,-15,50,150,0,200,0
0.0,0.0,10,10,-15,50,150,0,200,0
0.0,0.0,10,10,-15,50,150,0,200,0
0.0,0.0,10,10,-15,50,150,0,200,0
0.0,0.0,10,10,-15,50,150,0,200,0
0.0,0.0,10,10,-15,50,150,0,200,0
0.0,0.0,10,10,-15,50,150,0,200,0
0.0,0.0,10,10,-15,50,150,0,200,0
0.0,0.0,10,10,-15,50,150,0,200,0
0.0,0.0,10,10,-15,50,150,0,200,0
0.0,0.0,10,10,-15,50,150,0,200,0
0.0,0.0,10,10,-15,50,150,0,200,0
0.0,0.0,10,10,-15,50,150,0,200,0
0.0,0.0,10,10,-15,50,150,0,200,0
0.0,0.0,10,10,-15,50,150,0,200,0
0.0,0.0,10,10,-15,50,150,0,200,0
0.0,0.0,10,10,-15,50,150,0,200,0
0.0,0.0,10,10,-15,50,150,0,200,0
0.0,0.0,10,10,-15,50,150,0,200,0
0.0,0.0,10,10,-15,50,150,0,200,0
0.0,0.0,10,10,-15,50,150,0,200,0
0.0,0.0,10,10,-15,50,150,0,200,0
0.0,0.0,10,10,-15,50,150,0,200,0
0.0,0.0,10,10,-15,50,150,0,200,0
0.0,0.0,10,10,-15,50,150,0,200,0
0.0,0.0,10,10,-15,50,150,0,200,0
0.0,0.0,10,10,-15,50,150,0,200,0
0.0,0.0,10,10,-15,50,150,0,200,0
0.0,0.0,10,10,-15,50,150,0,200,0
0.0,0.0,10,10,-15,50,150,0,200,0
0.0,0.0,10,10,-15,50,150,0,200,0
0.0,0.0,10,10,-15,50,150,0,200,0
0.0,0.0,10,10,-15,50,150,0,200,0
0.0,0.0,10,10,-15,50,150,0,200,0
0.0,0.0,10,10,-15,50,150,0,200,0
0.0,0.0,10,10,-15,50,150,0,200,0
0.0,0.0,10,10,-15,50,150,0,200,0
0.0,0.0,10,10,-15,50,150,0,200,0
0.0,0.0,10,10,-15,50,150,0,200,0
0.0,0.0,10,10,-15,50,150,0,200,0
0.0,0.0,10,10,-15,50,150,0,200,0
0.0,0.0,10,10,-15,50,150,0,200,0
0.0,0.0,10,10,-15,50,150,0,200,0
0.0,0.0,10,10,-15,50,150,0,200,0
0.0,0.0,10,10,-15,50,150,0,200,0
0.0,0.0,10,10,-15,50,150,0,200,0
0.0,0.0,10,10,-15,50,150,0,200,0
0.0,0.0,10,10,-15,50,150,0,200,0
0.0,0.0,10,10,-15,50,150,0,200,0
0.0,0.0,10,10,-15,50,150,0,200,0
0.0,0.0,10,10,-15,50,150,0,200,0
0.0,0.0,10,10,-15,50,150,0,200,0
0.0,0.0,10,10,-15,50,150,0,200,0
0.0,0.0,10,10,-15,50,150,0,200,0
0.0,0.0,10,10,-15,50,150,0,200,0
0.0,0.0,10,10,-15,50,150,0,200,0
0.0,0.0,10,10,-15,50,150,0,200,0
0.0,0.0,10,10,-15,50,150,0,200,0
0.0,0.0,10,10,-15,50,150,0,200,0
0.0,0.0,10,10,-15,50,150,0,200,0
0.0,0.0,10,10,-15,50,150,0,200,0
0.0,0.0,10,10,-15,50,150,0,200,0
0.0,0.0,10,10,-15,50,150,0,200,0
0.0,0.0,10,10,-15,50,150,0,200,0
0.0,0.0,10,10,-15,50,150,0,200,0
0.0,0.0,10,10,-15,50,150,0,200,0
0.0,0.0,10,10,-15,50,150,0,200,0
0.0,0.0,10,10,-15,50,150,0,200,0
0.0,0.0,10,10,-15,50,150,0,200,0
0.0,0.0,10,10,-15,50,150,0,200,0
0.0,0.0,10,10,-15,50,150,0,200,0
0.0,0.0,10,10,-15,50,150,0,200,0
0.0,0.0,10,10,-15,50,150,0,200,0
0.0,0.0,10,10,-15,50,150,0,200,0
0.0,0.0,10,10,-15,50,150,0,200,0
0.0,0.0,10,10,-15,50,150,0,200,0
0.0,0.0,10,10,-15,50,150,0,200,0
0.0,0.0,10,10,-15,50,150,0,200,0
0.0,0.0,10,10,-15,50,150,0,200,0
0.0,0.0,10,10,-15,50,150,0,200,0
0.0,0.0,10,10,-15,50,150,0,200,0
0.0,0.0,10,10,-15,50,150,0,200,0
0.0,0.0,10,10,-15,50,150,0,200,0
0.0,0.0,10,10,-15,50,150,0,200,0
0.0,0.0,10,10,-15,50,150,0,200,0
0.0,0.0,10,10,-15,50,150,0,200,0
0.0,0.0,10,10,-15,50,150,0,200,0
0.0,0.0,10,10,-15,50,150,0,200,0
0.0,0.0,10,10,-15,50,150,0,200,0
0.0,0.0,10,10,-15,50,150,0,200,0
0.0,0.0,10,10,-15,50,150,0,200,0
0.0,0.0,10,10,-15,50,150,0,200,0
0.0,0.0,10,10,-15,50,150,0,200,0
0.0,0.0,10,10,-15,50,150,0,200,0
0.0,0.0,10,10,-15,50,150,0,200,0
0.0,0.0,10,10,-15,50,150,0,200,0
0.0,0.0,10,10,-15,50,150,0,200,0
0.0,0.0,10,10,-15,50,150,0,200,0
0.0,0.0,10,10,-15,50,150,0,200,0
0.0,0.0,10,10,-15,50,150,0,200,0
0.0,0.0,10,10,-15,50,150,0,200,0
0.0,0.0,10,10,-15,50,150,0,200,0
0.0,0.0,10,10,-15,50,150,0,200,0
0.0,0.0,10,10,-15,50,150,0,200,0
0.0,0.0,10,10,-15,50,150,0,200,0
0.0,0.0,10,10,-15,50,150,0,200,0
0.0,0.0,10,10,-15,50,150,0,200,0
0.0,0.0,10,10,-15,50,150,0,200,0
0.0,0.0,10,10,-15,50,150,0,200,0
0.0,0.0,10,10,-15,50,150,0,200,0
0.0,0.0,10,10,-15,50,150,0,200,0
0.0,0.0,10,10,-15,50,150,0,200,0
0.0,0.0,10,10,-15,50,150,0,200,0
0.0,0.0,10,10,-15,50,150,0,200,0
0.0,0.0,10,10,-15,50,150,0,200,0
0.0,0.0,10,10,-15,50,150,0,200,0
0.0,0.0,10,10,-15,50,150,0,200,0
0.0,0.0,10,10,-15,50,150,0,200,0
0.0,0.0,10,10,-15,50,150,0,200,0
0.0,0.0,10,10,-15,50,150,0,200,0
0.0,0.0,10,10,-15,50,150,0,200,0
0.0,0.0,10,10,-15,50,150,0,200,0
0.0,0.0,10,10,-15,50,150,0,200,0
0.0,0.0,10,10,-15,50,150,0,200,0
0.0,0.0,10,10,-15,50,150,0,200,0
0.0,0.0,10,10,-15,50,150,0,200,0
0.0,0.0,10,10,-15,50,150,0,200,0
0.0,0.0,10,10,-15,50,150,0,200,0
35.0,0.0,10,10,-15,50,150,0,200,0
35.0,0.0,10,10,-15,50,150,0,200,0
35.0,0.0,10,10,-15,50,150,0,200,0
35.0,0.0,10,10,-15,50,150,0,200,0
35.0,0.0,10,10,-15,50,150,0,200,0
35.0,0.0,10,10,-15,50,150,0,200,0
35.0,0.0,10,10,-15,50,150,0,200,0
35.0,0.0,10,10,-15,50,150,0,200,0
35.0,0.0,10,10,-15,50,150,0,200,0
35.0,0.0,10,10,-15,50,150,0,200,0
35.0,0.0,10,10,-15,50,150,0,200,0
35.0,0.0,10,10,-15,50,150,0,200,0
35.0,0.0,10,10,-15,50,150,0,200,0
35.0,0.0,10,10,-15,50,150,0,200,0
35.0,0.0,10,10,-15,50,150,0,200,0
35.0,0.0,10,10,-15,50,150,0,200,0
35.0,0.0,10,10,-15,50,150,0,200,0
35.0,0.0,10,10,-15,50,150,0,200,0
35.0,0.0,10,10,-15,50,150,0,200,0
35.0,0.0,10,10,-15,50,150,0,200,0
35.0,0.0,10,10,-15,50,150,0,200,0
35.0,0.0,10,10,-15,50,150,0,200,0
35.0,0.0,10,10,-15,50,150,0,200,0
35.0,0.0,10,10,-15,50,150,0,200,0
35.0,0.0,10,10,-15,50,150,0,200,0
35.0,0.0,10,10,-15,50,150,0,200,0
35.0,0.0,10,10,-15,50,150,0,200,0
35.0,0.0,10,10,-15,50,150,0,200,0
35.0,0.0,10,10,-15,50,150,0,200,0
35.0,0.0,10,10,-15,50,150,0,200,0
35.0,0.0,10,10,-15,50,150,0,200,0
35.0,0.0,10,10,-15,50,150,0,200,0
35.0,0.0,10,10,-15,50,150,0,200,0
35.0,0.0,10,10,-15,50,150,0,200,0
35.0,0.0,10,10,-15,50,150,0,200,0
35.0,0.0,10,10,-15,50,150,0,200,0
35.0,0.0,10,10,-15,50,150,0,200,0
35.0,0.0,10,10,-15,50,150,0,200,0
35.0,0.0,10,10,-15,50,150,0,200,0
35.0,0.0,10,10,-15,50,150,0,200,0
35.0,0.0,10,10,-15,50,150,0,200,0
35.0,0.0,10,10,-15,50,150,0,200,0
35.0,0.0,10,10,-15,50,150,0,200,0
35.0,0.0,10,10,-15,50,150,0,200,0
35.0,0.0,10,10,-15,50,150,0,200,0
35.0,0.0,10,10,-15,50,150,0,200,0
35.0,0.0,10,10,-15,50,150,0,200,0
35.0,0.0,10,10,-15,50,150,0,200,0
35.0,0.0,10,10,-15,50,150,0,200,0
35.0,0.0,10,10,-15,50,150,0,200,0
0.0,0.0,10,10,-15,50,150,0,200,0
0.0,0.0,10,10,-15,50,150,0,200,0
0.0,0.0,10,10,-15,50,150,0,200,0
0.0,0.0,10,10,-15,50,150,0,200,0
0.0,0.0,10,10,-15,50,150,0,200,0
0.0,0.0,10,10,-15,50,150,0,200,0
0.0,0.0,10,10,-15,50,150,0,200,0
0.0,0.0,10,10,-15,50,150,0,200,0
0.0,0.0,10,10,-15,50,150,0,200,0
0.0,0.0,10,10,-15,50,150,0,200,0
0.0,0.0,10,10,-15,50,150,0,200,0
0.0,0.0,10,10,-15,50,150,0,200,0
0.0,0.0,10,10,-15,50,150,0,200,0
0.0,0.0,10,10,-15,50,150,0,200,0
0.0,0.0,10,10,-15,50,150,0,200,0
0.0,0.0,10,10,-15,50,150,0,200,0
0.0,0.0,10,10,-15,50,150,0,200,0
0.0,0.0,10,10,-15,50,150,0,200,0
0.0,0.0,10,10,-15,50,150,0,200,0
0.0,0.0,10,10,-15,50,150,0,200,0
0.0,0.0,10,10,-15,50,150,0,200,0
0.0,0.0,10,10,-15,50,150,0,200,0
0.0,0.0,10,10,-15,50,150,0,200,0
0.0,0.0,10,10,-15,50,150,0,200,0
0.0,0.0,10,10,-15,50,150,0,200,0
0.0,0.0,10,10,-15,50,150,0,200,0
0.0,0.0,10,10,-15,50,150,0,200,0
0.0,0.0,10,10,-15,50,150,0,200,0
0.0,0.0,10,10,-15,50,150,0,200,0
0.0,0.0,10,10,-15,50,150,0,200,0
0.0,0.0,10,10,-15,50,150,0,200,0
0.0,0.0,10,10,-15,50,150,0,200,0
0.0,0.0,10,10,-15,50,150,0,200,0
0.0,0.0,10,10,-15,50,150,0,200,0
0.0,0.0,10,10,-15,50,150,0,200,0
0.0,0.0,10,10,-15,50,150,0,200,0
0.0,0.0,10,10,-15,50,150,0,200,0
0.0,0.0,10,10,-15,50,150,0,200,0
0.0,0.0,10,10,-15,50,150,0,200,0
0.0,0.0,10,10,-15,50,150,0,200,0
0.0,0.0,10,10,-15,50,150,0,200,0
0.0,0.0,10,10,-15,50,150,0,200,0
0.0,0.0,10,10,-15,50,150,0,200,0
0.0,0.0,10,10,-15,50,150,0,200,0
0.0,0.0,10,10,-15,50,150,0,200,0
0.0,0.0,10,10,-15,50,150,0,200,0
0.0,0.0,10,10,-15,50,150,0,200,0
0.0,0.0,10,10,-15,50,150,0,200,0
0.0,0.0,10,10,-15,50,150,0,200,0
0.0,0.0,10,10,-15,50,150,0,200,0
0.0,0.0,10,10,-15,50,150,0,200,0
0.0,0.0,10,10,-15,50,150,0,200,0
0.0,0.0,10,10,-15,50,150,0,200,0
0.0,0.0,10,10,-15,50,150,0,200,0
0.0,0.0,10,10,-15,50,150,0,200,0
0.0,0.0,10,10,-15,50,150,0,200,0
0.0,0.0,10,10,-15,50,150,0,200,0
0.0,0.0,10,10,-15,50,150,0,200,0
0.0,0.0,10,10,-15,50,150,0,200,0
0.0,0.0,10,10,-15,50,150,0,200,0
0.0,0.0,10,10,-15,50,150,0,200,0
0.0,0.0,10,10,-15,50,150,0,200,0
0.0,0.0,10,10,-15,50,150,0,200,0
0.0,0.0,10,10,-15,50,150,0,200,0
0.0,0.0,10,10,-15,50,150,0,200,0
0.0,0.0,10,10,-15,50,150,0,200,0
0.0,0.0,10,10,-15,50,150,0,200,0
0.0,0.0,10,10,-15,50,150,0,200,0
0.0,0.0,10,10,-15,50,150,0,200,0
0.0,0.0,10,10,-15,50,150,0,200,0
0.0,0.0,10,10,-15,50,150,0,200,0
0.0,0.0,10,10,-15,50,150,0,200,0
0.0,0.0,10,10,-15,50,150,0,200,0
0.0,0.0,10,10,-15,50,150,0,200,0
0.0,0.0,10,10,-15,50,150,0,200,0
0.0,0.0,10,10,-15,50,150,0,200,0
0.0,0.0,10,10,-15,50,150,0,200,0
0.0,0.0,10,10,-15,50,150,0,200,0
0.0,0.0,10,10,-15,50,150,0,200,0
0.0,0.0,10,10,-15,50,150,0,200,0
0.0,0.0,10,10,-15,50,150,0,200,0
0.0,0.0,10,10,-15,50,150,0,200,0
0.0,0.0,10,10,-15,50,150,0,200,0
0.0,0.0,10,10,-15,50,150,0,200,0
0.0,0.0,10,10,-15,50,150,0,200,0
0.0,0.0,10,10,-15,50,150,0,200,0
0.0,0.0,10,10,-15,50,150,0,200,0
0.0,0.0,10,10,-15,50,150,0,200,0
0.0,0.0,10,10,-15,50,150,0,200,0
0.0,0.0,10,10,-15,50,150,0,200,0
0.0,0.0,10,10,-15,50,150,0,200,0
0.0,0.0,10,10,-15,50,150,0,200,0
0.0,0.0,10,10,-15,50,150,0,200,0
0.0,0.0,10,10,-15,50,150,0,200,0
0.0,0.0,10,10,-15,50,150,0,200,0
0.0,0.0,10,10,-15,50,150,0,200,0
0.0,0.0,10,10,-15,50,150,0,200,0
0.0,0.0,10,10,-15,50,150,0,200,0
0.0,0.0,10,10,-15,50,150,0,200,0
0.0,0.0,10,10,-15,50,150,0,200,0
0.0,0.0,10,10,-15,50,150,0,200,0
0.0,0.0,10,10,-15,50,150,0,200,0
0.0,0.0,10,10,-15,50,150,0,200,0
0.0,0.0,10,10,-15,50,150,0,200,0
0.0,0.0,10,10,-15,50,150,0,200,0
0.0,0.0,10,10,-15,50,150,0,200,0
0.0,0.0,10,10,-15,50,150,0,200,0
0.0,0.0,10,10,-15,50,150,0,200,0
0.0,0.0,10,10,-15,50,150,0,200,0
0.0,0.0,10,10,-15,50,150,0,200,0
0.0,0.0,10,10,-15,50,150,0,200,0
0.0,0.0,10,10,-15,50,150,0,200,0
0.0,0.0,10,10,-15,50,150,0,200,0
0.0,0.0,10,10,-15,50,150,0,200,0
0.0,0.0,10,10,-15,50,150,0,200,0
0.0,0.0,10,10,-15,50,150,0,200,0
0.0,0.0,10,10,-15,50,150,0,200,0
0.0,0.0,10,10,-15,50,150,0,200,0
0.0,0.0,10,10,-15,50,150,0,200,0
0.0,0.0,10,10,-15,50,150,0,200,0
0.0,0.0,10,10,-15,50,150,0,200,0
0.0,0.0,10,10,-15,50,150,0,200,0
0.0,0.0,10,10,-15,50,150,0,200,0
0.0,0.0,10,10,-15,50,150,0,200,0
0.0,0.0,10,10,-15,50,150,0,200,0
0.0,0.0,10,10,-15,50,150,0,200,0
0.0,0.0,10,10,-15,50,150,0,200,0
0.0,0.0,10,10,-15,50,150,0,200,0
0.0,0.0,10,10,-15,50,150,0,200,0
0.0,0.0,10,10,-15,50,150,0,200,0
0.0,0.0,10,10,-15,50,150,0,200,0
0.0,0.0,10,10,-15,50,150,0,200,0
0.0,0.0,10,10,-15,50,150,0,200,0
0.0,0.0,10,10,-15,50,150,0,200,0
0.0,0.0,10,10,-15,50,150,0,200,0
0.0,0.0,10,10,-15,50,150,0,200,0
0.0,0.0,10,10,-15,50,150,0,200,0
0.0,0.0,10,10,-15,50,150,0,200,0
0.0,0.0,10,10,-15,50,150,0,200,0
0.0,0.0,10,10,-15,50,150,0,200,0
0.0,0.0,10,10,-15,50,150,0,200,0
0.0,0.0,10,10,-15,50,150,0,200,0
0.0,0.0,10,10,-15,50,150,0,200,0
0.0,0.0,10,10,-15,50,150,0,200,0
0.0,0.0,10,10,-15,50,150,0,200,0
0.0,0.0,10,10,-15,50,150,0,200,0
0.0,0.0,10,10,-15,50,150,0,200,0
0.0,0.0,10,10,-15,50,150,0,200,0
0.0,0.0,10,10,-15,50,150,0,200,0
0.0,0.0,10,10,-15,50,150,0,200,0
45.0,0.0,10,10,-15,50,150,0,200,0
45.0,0.0,10,10,-15,50,150,0,200,0
45.0,0.0,10,10,-15,50,150,0,200,0
45.0,0.0,10,10,-15,50,150,0,200,0
45.0,0.0,10,10,-15,50,150,0,200,0
45.0,0.0,10,10,-15,50,150,0,200,0
45.0,0.0,10,10,-15,50,150,0,200,0
45.0,0.0,10,10,-15,50,150,0,200,0
45.0,0.0,10,10,-15,50,150,0,200,0
45.0,0.0,10,10,-15,50,150,0,200,0
45.0,0.0,10,10,-15,50,150,0,200,0
45.0,0.0,10,10,-15,50,150,0,200,0
45.0,0.0,10,10,-15,50,150,0,200,0
45.0,0.0,10,10,-15,50,150,0,200,0
45.0,0.0,10,10,-15,50,150,0,200,0
45.0,0.0,10,10,-15,50,150,0,200,0
45.0,0.0,10,10,-15,50,150,0,200,0
45.0,0.0,10,10,-15,50,150,0,200,0
45.0,0.0,10,10,-15,50,150,0,200,0
45.0,0.0,10,10,-15,50,150,0,200,0
45.0,0.0,10,10,-15,50,150,0,200,0
45.0,0.0,10,10,-15,50,150,0,200,0
45.0,0.0,10,10,-15,50,150,0,200,0
45.0,0.0,10,10,-15,50,150,0,200,0
45.0,0.0,10,10,-15,50,150,0,200,0
45.0,0.0,10,10,-15,50,150,0,200,0
45.0,0.0,10,10,-15,50,150,0,200,0
45.0,0.0,10,10,-15,50,150,0,200,0
45.0,0.0,10,10,-15,50,150,0,200,0
45.0,0.0,10,10,-15,50,150,0,200,0
45.0,0.0,10,10,-15,50,150,0,200,0
45.0,0.0,10,10,-15,50,150,0,200,0
45.0,0.0,10,10,-15,50,150,0,200,0
45.0,0.0,10,10,-15,50,150,0,200,0
45.0,0.0,10,10,-15,50,150,0,200,0
45.0,0.0,10,10,-15,50,150,0,200,0
45.0,0.0,10,10,-15,50,150,0,200,0
45.0,0.0,10,10,-15,50,150,0,200,0
45.0,0.0,10,10,-15,50,150,0,200,0
45.0,0.0,10,10,-15,50,150,0,200,0
45.0,0.0,10,10,-15,50,150,0,200,0
45.0,0.0,10,10,-15,50,150,0,200,0
45.0,0.0,10,10,-15,50,150,0,200,0
45.0,0.0,10,10,-15,50,150,0,200,0
45.0,0.0,10,10,-15,50,150,0,200,0
45.0,0.0,10,10,-15,50,150,0,200,0
45.0,0.0,10,10,-15,50,150,0,200,0
45.0,0.0,10,10,-15,50,150,0,200,0
45.0,0.0,10,10,-15,50,150,0,200,0
45.0,0.0,10,10,-15,50,150,0,200,0
0.0,0.0,10,10,-15,50,150,0,200,0
0.0,0.0,10,10,-15,50,150,0,200,0
0.0,0.0,10,10,-15,50,150,0,200,0
0.0,0.0,10,10,-15,50,150,0,200,0
0.0,0.0,10,10,-15,50,150,0,200,0
0.0,0.0,10,10,-15,50,150,0,200,0
0.0,0.0,10,10,-15,50,150,0,200,0
0.0,0.0,10,10,-15,50,150,0,200,0
0.0,0.0,10,10,-15,50,150,0,200,0
0.0,0.0,10,10,-15,50,150,0,200,0
0.0,0.0,10,10,-15,50,150,0,200,0
0.0,0.0,10,10,-15,50,150,0,200,0
0.0,0.0,10,10,-15,50,150,0,200,0
0.0,0.0,10,10,-15,50,150,0,200,0
0.0,0.0,10,10,-15,50,150,0,200,0
0.0,0.0,10,10,-15,50,150,0,200,0
0.0,0.0,10,10,-15,50,150,0,200,0
0.0,0.0,10,10,-15,50,150,0,200,0
0.0,0.0,10,10,-15,50,150,0,200,0
0.0,0.0,10,10,-15,50,150,0,200,0
0.0,0.0,10,10,-15,50,150,0,200,0
0.0,0.0,10,10,-15,50,150,0,200,0
0.0,0.0,10,10,-15,50,150,0,200,0
0.0,0.0,10,10,-15,50,150,0,200,0
0.0,0.0,10,10,-15,50,150,0,200,0
0.0,0.0,10,10,-15,50,150,0,200,0
0.0,0.0,10,10,-15,50,150,0,200,0
0.0,0.0,10,10,-15,50,150,0,200,0
0.0,0.0,10,10,-15,50,150,0,200,0
0.0,0.0,10,10,-15,50,150,0,200,0
0.0,0.0,10,10,-15,50,150,0,200,0
0.0,0.0,10,10,-15,50,150,0,200,0
0.0,0.0,10,10,-15,50,150,0,200,0
0.0,0.0,10,10,-15,50,150,0,200,0
0.0,0.0,10,10,-15,50,150,0,200,0
0.0,0.0,10,10,-15,50,150,0,200,0
0.0,0.0,10,10,-15,50,150,0,200,0
0.0,0.0,10,10,-15,50,150,0,200,0
0.0,0.0,10,10,-15,50,150,0,200,0
0.0,0.0,10,10,-15,50,150,0,200,0
0.0,0.0,10,10,-15,50,150,0,200,0
0.0,0.0,10,10,-15,50,150,0,200,0
0.0,0.0,10,10,-15,50,150,0,200,0
0.0,0.0,10,10,-15,50,150,0,200,0
0.0,0.0,10,10,-15,50,150,0,200,0
0.0,0.0,10,10,-15,50,150,0,200,0
0.0,0.0,10,10,-15,50,150,0,200,0
0.0,0.0,10,10,-15,50,150,0,200,0
0.0,0.0,10,10,-15,50,150,0,200,0
0.0,0.0,10,10,-15,50,150,0,200,0
0.0,0.0,10,10,-15,50,150,0,200,0
0.0,0.0,10,10,-15,50,150,0,200,0
0.0,0.0,10,10,-15,50,150,0,200,0
0.0,0.0,10,10,-15,50,150,0,200,0
0.0,0.0,10,10,-15,50,150,0,200,0
0.0,0.0,10,10,-15,50,150,0,200,0
0.0,0.0,10,10,-15,50,150,0,200,0
0.0,0.0,10,10,-15,50,150,0,200,0
0.0,0.0,10,10,-15,50,150,0,200,0
0.0,0.0,10,10,-15,50,150,0,200,0
0.0,0.0,10,10,-15,50,150,0,200,0
0.0,0.0,10,10,-15,50,150,0,200,0
0.0,0.0,10,10,-15,50,150,0,200,0
0.0,0.0,10,10,-15,50,150,0,200,0
0.0,0.0,10,10,-15,50,150,0,200,0
0.0,0.0,10,10,-15,50,150,0,200,0
0.0,0.0,10,10,-15,50,150,0,200,0
0.0,0.0,10,10,-15,50,150,0,200,0
0.0,0.0,10,10,-15,50,150,0,200,0
0.0,0.0,10,10,-15,50,150,0,200,0
0.0,0.0,10,10,-15,50,150,0,200,0
0.0,0.0,10,10,-15,50,150,0,200,0
0.0,0.0,10,10,-15,50,150,0,200,0
0.0,0.0,10,10,-15,50,150,0,200,0
0.0,0.0,10,10,-15,50,150,0,200,0
0.0,0.0,10,10,-15,50,150,0,200,0
0.0,0.0,10,10,-15,50,150,0,200,0
0.0,0.0,10,10,-15,50,150,0,200,0
0.0,0.0,10,10,-15,50,150,0,200,0
0.0,0.0,10,10,-15,50,150,0,200,0
0.0,0.0,10,10,-15,50,150,0,200,0
0.0,0.0,10,10,-15,50,150,0,200,0
0.0,0.0,10,10,-15,50,150,0,200,0
0.0,0.0,10,10,-15,50,150,0,200,0
0.0,0.0,10,10,-15,50,150,0,200,0
0.0,0.0,10,10,-15,50,150,0,200,0
0.0,0.0,10,10,-15,50,150,0,200,0
0.0,0.0,10,10,-15,50,150,0,200,0
0.0,0.0,10,10,-15,50,150,0,200,0
0.0,0.0,10,10,-15,50,150,0,200,0
0.0,0.0,10,10,-15,50,150,0,200,0
0.0,0.0,10,10,-15,50,150,0,200,0
0.0,0.0,10,10,-15,50,150,0,200,0
0.0,0.0,10,10,-15,50,150,0,200,0
0.0,0.0,10,10,-15,50,150,0,200,0
0.0,0.0,10,10,-15,50,150,0,200,0
0.0,0.0,10,10,-15,50,150,0,200,0
0.0,0.0,10,10,-15,50,150,0,200,0
0.0,0.0,10,10,-15,50,150,0,200,0
0.0,0.0,10,10,-15,50,150,0,200,0
0.0,0.0,10,10,-15,50,150,0,200,0
0.0,0.0,10,10,-15,50,150,0,200,0
0.0,0.0,10,10,-15,50,150,0,200,0
0.0,0.0,10,10,-15,50,150,0,200,0
0.0,0.0,10,10,-15,50,150,0,200,0
0.0,0.0,10,10,-15,50,150,0,200,0
0.0,0.0,10,10,-15,50,150,0,200,0
0.0,0.0,10,10,-15,50,150,0,200,0
0.0,0.0,10,10,-15,50,150,0,200,0
0.0,0.0,10,10,-15,50,150,0,200,0
0.0,0.0,10,10,-15,50,150,0,200,0
0.0,0.0,10,10,-15,50,150,0,200,0
0.0,0.0,10,10,-15,50,150,0,200,0
0.0,0.0,10,10,-15,50,150,0,200,0
0.0,0.0,10,10,-15,50,150,0,200,0
0.0,0.0,10,10,-15,50,150,0,200,0
0.0,0.0,10,10,-15,50,150,0,200,0
0.0,0.0,10,10,-15,50,150,0,200,0
0.0,0.0,10,10,-15,50,150,0,200,0
0.0,0.0,10,10,-15,50,150,0,200,0
0.0,0.0,10,10,-15,50,150,0,200,0
0.0,0.0,10,10,-15,50,150,0,200,0
0.0,0.0,10,10,-15,50,150,0,200,0
0.0,0.0,10,10,-15,50,150,0,200,0
0.0,0.0,10,10,-15,50,150,0,200,0
0.0,0.0,10,10,-15,50,150,0,200,0
0.0,0.0,10,10,-15,50,150,0,200,0
0.0,0.0,10,10,-15,50,150,0,200,0
0.0,0.0,10,10,-15,50,150,0,200,0
0.0,0.0,10,10,-15,50,150,0,200,0
0.0,0.0,10,10,-15,50,150,0,200,0
0.0,0.0,10,10,-15,50,150,0,200,0
0.0,0.0,10,10,-15,50,150,0,200,0
0.0,0.0,10,10,-15,50,150,0,200,0
0.0,0.0,10,10,-15,50,150,0,200,0
0.0,0.0,10,10,-15,50,150,0,200,0
0.0,0.0,10,10,-15,50,150,0,200,0
0.0,0.0,10,10,-15,50,150,0,200,0
0.0,0.0,10,10,-15,50,150,0,200,0
0.0,0.0,10,10,-15,50,150,0,200,0
0.0,0.0,10,10,-15,50,150,0,200,0
0.0,0.0,10,10,-15,50,150,0,200,0
0.0,0.0,10,10,-15,50,150,0,200,0
0.0,0.0,10,10,-15,50,150,0,200,0
0.0,0.0,10,10,-15,50,150,0,200,0
0.0,0.0,10,10,-15,50,150,0,200,0
0.0,0.0,10,10,-15,50,150,0,200,0
0.0,0.0,10,10,-15,50,150,0,200,0
0.0,0.0,10,10,-15,50,150,0,200,0
0.0,0.0,10,10,-15,50,150,0,200,0
55.0,0.0,10,10,-15,50,150,0,200,0
55.0,0.0,10,10,-15,50,150,0,200,0
55.0,0.0,10,10,-15,50,150,0,200,0
55.0,0.0,10,10,-15,50,150,0,200,0
55.0,0.0,10,10,-15,50,150,0,200,0
55.0,0.0,10,10,-15,50,150,0,200,0
55.0,0.0,10,10,-15,50,150,0,200,0
55.0,0.0,10,10,-15,50,150,0,200,0
55.0,0.0,10,10,-15,50,150,0,200,0
55.0,0.0,10,10,-15,50,150,0,200,0
55.0,0.0,10,10,-15,50,150,0,200,0
55.0,0.0,10,10,-15,50,150,0,200,0
55.0,0.0,10,10,-15,50,150,0,200,0
55.0,0.0,10,10,-15,50,150,0,200,0
55.0,0.0,10,10,-15,50,150,0,200,0
55.0,0.0,10,10,-15,50,150,0,200,0
55.0,0.0,10,10,-15,50,150,0,200,0
55.0,0.0,10,10,-15,50,150,0,200,0
55.0,0.0,10,10,-15,50,150,0,200,0
55.0,0.0,10,10,-15,50,150,0,200,0
55.0,0.0,10,10,-15,50,150,0,200,0
55.0,0.0,10,10,-15,50,150,0,200,0
55.0,0.0,10,10,-15,50,150,0,200,0
55.0,0.0,10,10,-15,50,150,0,200,0
55.0,0.0,10,10,-15,50,150,0,200,0
55.0,0.0,10,10,-15,50,150,0,200,0
55.0,0.0,10,10,-15,50,150,0,200,0
55.0,0.0,10,10,-15,50,150,0,200,0
55.0,0.0,10,10,-15,50,150,0,200,0
55.0,0.0,10,10,-15,50,150,0,200,0
55.0,0.0,10,10,-15,50,150,0,200,0
55.0,0.0,10,10,-15,50,150,0,200,0
55.0,0.0,10,10,-15,50,150,0,200,0
55.0,0.0,10,10,-15,50,150,0,200,0
55.0,0.0,10,10,-15,50,150,0,200,0
55.0,0.0,10,10,-15,50,150,0,200,0
55.0,0.0,10,10,-15,50,150,0,200,0
55.0,0.0,10,10,-15,50,150,0,200,0
55.0,0.0,10,10,-15,50,150,0,200,0
55.0,0.0,10,10,-15,50,150,0,200,0
55.0,0.0,10,10,-15,50,150,0,200,0
55.0,0.0,10,10,-15,50,150,0,200,0
55.0,0.0,10,10,-15,50,150,0,200,0
55.0,0.0,10,10,-15,50,150,0,200,0
55.0,0.0,10,10,-15,50,150,0,200,0
55.0,0.0,10,10,-15,50,150,0,200,0
55.0,0.0,10,10,-15,50,150,0,200,0
55.0,0.0,10,10,-15,50,150,0,200,0
55.0,0.0,10,10,-15,50,150,0,200,0
55.0,0.0,10,10,-15,50,150,0,200,0
0.0,0.0,10,10,-15,50,150,0,200,0
0.0,0.0,10,10,-15,50,150,0,200,0
0.0,0.0,10,10,-15,50,150,0,200,0
0.0,0.0,10,10,-15,50,150,0,200,0
0.0,0.0,10,10,-15,50,150,0,200,0
0.0,0.0,10,10,-15,50,150,0,200,0
0.0,0.0,10,10,-15,50,150,0,200,0
0.0,0.0,10,10,-15,50,150,0,200,0
0.0,0.0,10,10,-15,50,150,0,200,0
0.0,0.0,10,10,-15,50,150,0,200,0
0.0,0.0,10,10,-15,50,150,0,200,0
0.0,0.0,10,10,-15,50,150,0,200,0
0.0,0.0,10,10,-15,50,150,0,200,0
0.0,0.0,10,10,-15,50,150,0,200,0
0.0,0.0,10,10,-15,50,150,0,200,0
0.0,0.0,10,10,-15,50,150,0,200,0
0.0,0.0,10,10,-15,50,150,0,200,0
0.0,0.0,10,10,-15,50,150,0,200,0
0.0,0.0,10,10,-15,50,150,0,200,0
0.0,0.0,10,10,-15,50,150,0,200,0
0.0,0.0,10,10,-15,50,150,0,200,0
0.0,0.0,10,10,-15,50,150,0,200,0
0.0,0.0,10,10,-15,50,150,0,200,0
0.0,0.0,10,10,-15,50,150,0,200,0
0.0,0.0,10,10,-15,50,150,0,200,0
0.0,0.0,10,10,-15,50,150,0,200,0
0.0,0.0,10,10,-15,50,150,0,200,0
0.0,0.0,10,10,-15,50,150,0,200,0
0.0,0.0,10,10,-15,50,150,0,200,0
0.0,0.0,10,10,-15,50,150,0,200,0
0.0,0.0,10,10,-15,50,150,0,200,0
0.0,0.0,10,10,-15,50,150,0,200,0
0.0,0.0,10,10,-15,50,150,0,200,0
0.0,0.0,10,10,-15,50,150,0,200,0
0.0,0.0,10,10,-15,50,150,0,200,0
0.0,0.0,10,10,-15,50,150,0,200,0
0.0,0.0,10,10,-15,50,150,0,200,0
0.0,0.0,10,10,-15,50,150,0,200,0
0.0,0.0,10,10,-15,50,150,0,200,0
0.0,0.0,10,10,-15,50,150,0,200,0
0.0,0.0,10,10,-15,50,150,0,200,0
0.0,0.0,10,10,-15,50,150,0,200,0
0.0,0.0,10,10,-15,50,150,0,200,0
0.0,0.0,10,10,-15,50,150,0,200,0
0.0,0.0,10,10,-15,50,150,0,200,0
0.0,0.0,10,10,-15,50,150,0,200,0
0.0,0.0,10,10,-15,50,150,0,200,0
0.0,0.0,10,10,-15,50,150,0,200,0
0.0,0.0,10,10,-15,50,150,0,200,0
0.0,0.0,10,10,-15,50,150,0,200,0
0.0,0.0,10,10,-15,50,150,0,200,0
0.0,0.0,10,10,-15,50,150,0,200,0
0.0,0.0,10,10,-15,50,150,0,200,0
0.0,0.0,10,10,-15,50,150,0,200,0
0.0,0.0,10,10,-15,50,150,0,200,0
0.0,0.0,10,10,-15,50,150,0,200,0
0.0,0.0,10,10,-15,50,150,0,200,0
0.0,0.0,10,10,-15,50,150,0,200,0
0.0,0.0,10,10,-15,50,150,0,200,0
0.0,0.0,10,10,-15,50,150,0,200,0
0.0,0.0,10,10,-15,50,150,0,200,0
0.0,0.0,10,10,-15,50,150,0,200,0
0.0,0.0,10,10,-15,50,150,0,200,0
0.0,0.0,10,10,-15,50,150,0,200,0
0.0,0.0,10,10,-15,50,150,0,200,0
0.0,0.0,10,10,-15,50,150,0,200,0
0.0,0.0,10,10,-15,50,150,0,200,0
0.0,0.0,10,10,-15,50,150,0,200,0
0.0,0.0,10,10,-15,50,150,0,200,0
0.0,0.0,10,10,-15,50,150,0,200,0
0.0,0.0,10,10,-15,50,150,0,200,0
0.0,0.0,10,10,-15,50,150,0,200,0
0.0,0.0,10,10,-15,50,150,0,200,0
0.0,0.0,10,10,-15,50,150,0,200,0
0.0,0.0,10,10,-15,50,150,0,200,0
0.0,0.0,10,10,-15,50,150,0,200,0
0.0,0.0,10,10,-15,50,150,0,200,0
0.0,0.0,10,10,-15,50,150,0,200,0
0.0,0.0,10,10,-15,50,150,0,200,0
0.0,0.0,10,10,-15,50,150,0,200,0
0.0,0.0,10,10,-15,50,150,0,200,0
0.0,0.0,10,10,-15,50,150,0,200,0
0.0,0.0,10,10,-15,50,150,0,200,0
0.0,0.0,10,10,-15,50,150,0,200,0
0.0,0.0,10,10,-15,50,150,0,200,0
0.0,0.0,10,10,-15,50,150,0,200,0
0.0,0.0,10,10,-15,50,150,0,200,0
0.0,0.0,10,10,-15,50,150,0,200,0
0.0,0.0,10,10,-15,50,150,0,200,0
0.0,0.0,10,10,-15,50,150,0,200,0
0.0,0.0,10,10,-15,50,150,0,200,0
0.0,0.0,10,10,-15,50,150,0,200,0
0.0,0.0,10,10,-15,50,150,0,200,0
0.0,0.0,10,10,-15,50,150,0,200,0
0.0,0.0,10,10,-15,50,150,0,200,0
0.0,0.0,10,10,-15,50,150,0,200,0
0.0,0.0,10,10,-15,50,150,0,200,0
0.0,0.0,10,10,-15,50,150,0,200,0
0.0,0.0,10,10,-15,50,150,0,200,0
0.0,0.0,10,10,-15,50,150,0,200,0
0.0,0.0,10,10,-15,50,150,0,200,0
0.0,0.0,10,10,-15,50,150,0,200,0
0.0,0.0,10,10,-15,50,150,0,200,0
0.0,0.0,10,10,-15,50,150,0,200,0
0.0,0.0,10,10,-15,50,150,0,200,0
0.0,0.0,10,10,-15,50,150,0,200,0
0.0,0.0,10,10,-15,50,150,0,200,0
0.0,0.0,10,10,-15,50,150,0,200,0
0.0,0.0,10,10,-15,50,150,0,200,0
0.0,0.0,10,10,-15,50,150,0,200,0
0.0,0.0,10,10,-15,50,150,0,200,0
0.0,0.0,10,10,-15,50,150,0,200,0
0.0,0.0,10,10,-15,50,150,0,200,0
0.0,0.0,10,10,-15,50,150,0,200,0
0.0,0.0,10,10,-15,50,150,0,200,0
0.0,0.0,10,10,-15,50,150,0,200,0
0.0,0.0,10,10,-15,50,150,0,200,0
0.0,0.0,10,10,-15,50,150,0,200,0
0.0,0.0,10,10,-15,50,150,0,200,0
0.0,0.0,10,10,-15,50,150,0,200,0
0.0,0.0,10,10,-15,50,150,0,200,0
0.0,0.0,10,10,-15,50,150,0,200,0
0.0,0.0,10,10,-15,50,150,0,200,0
0.0,0.0,10,10,-15,50,150,0,200,0
0.0,0.0,10,10,-15,50,150,0,200,0
0.0,0.0,10,10,-15,50,150,0,200,0
0.0,0.0,10,10,-15,50,150,0,200,0
0.0,0.0,10,10,-15,50,150,0,200,0
0.0,0.0,10,10,-15,50,150,0,200,0
0.0,0.0,10,10,-15,50,150,0,200,0
0.0,0.0,10,10,-15,50,150,0,200,0
0.0,0.0,10,10,-15,50,150,0,200,0
0.0,0.0,10,10,-15,50,150,0,200,0
0.0,0.0,10,10,-15,50,150,0,200,0
0.0,0.0,10,10,-15,50,150,0,200,0
0.0,0.0,10,10,-15,50,150,0,200,0
0.0,0.0,10,10,-15,50,150,0,200,0
0.0,0.0,10,10,-15,50,150,0,200,0
0.0,0.0,10,10,-15,50,150,0,200,0
0.0,0.0,10,10,-15,50,150,0,200,0
0.0,0.0,10,10,-15,50,150,0,200,0
0.0,0.0,10,10,-15,50,150,0,200,0
0.0,0.0,10,10,-15,50,150,0,200,0
0.0,0.0,10,10,-15,50,150,0,200,0
0.0,0.0,10,10,-15,50,150,0,200,0
0.0,0.0,10,10,-15,50,150,0,200,0
0.0,0.0,10,10,-15,50,150,0,200,0
0.0,0.0,10,10,-15,50,150,0,200,0
0.0,0.0,10,10,-15,50,150,0,200,0
0.0,0.0,10,10,-15,50,150,0,200,0
65.0,0.0,10,10,-15,50,150,0,200,0
65.0,0.0,10,10,-15,50,150,0,200,0
65.0,0.0,10,10,-15,50,150,0,200,0
65.0,0.0,10,10,-15,50,150,0,200,0
65.0,0.0,10,10,-15,50,150,0,200,0
65.0,0.0,10,10,-15,50,150,0,200,0
65.0,0.0,10,10,-15,50,150,0,200,0
65.0,0.0,10,10,-15,50,150,0,200,0
65.0,0.0,10,10,-15,50,150,0,200,0
65.0,0.0,10,10,-15,50,150,0,200,0
65.0,0.0,10,10,-15,50,150,0,200,0
65.0,0.0,10,10,-15,50,150,0,200,0
65.0,0.0,10,10,-15,50,150,0,200,0
65.0,0.0,10,10,-15,50,150,0,200,0
65.0,0.0,10,10,-15,50,150,0,200,0
65.0,0.0,10,10,-15,50,150,0,200,0
65.0,0.0,10,10,-15,50,150,0,200,0
65.0,0.0,10,10,-15,50,150,0,200,0
65.0,0.0,10,10,-15,50,150,0,200,0
65.0,0.0,10,10,-15,50,150,0,200,0
65.0,0.0,10,10,-15,50,150,0,200,0
65.0,0.0,10,10,-15,50,150,0,200,0
65.0,0.0,10,10,-15,50,150,0,200,0
65.0,0.0,10,10,-15,50,150,0,200,0
65.0,0.0,10,10,-15,50,150,0,200,0
65.0,0.0,10,10,-15,50,150,0,200,0
65.0,0.0,10,10,-15,50,150,0,200,0
65.0,0.0,10,10,-15,50,150,0,200,0
65.0,0.0,10,10,-15,50,150,0,200,0
65.0,0.0,10,10,-15,50,150,0,200,0
65.0,0.0,10,10,-15,50,150,0,200,0
65.0,0.0,10,10,-15,50,150,0,200,0
65.0,0.0,10,10,-15,50,150,0,200,0
65.0,0.0,10,10,-15,50,150,0,200,0
65.0,0.0,10,10,-15,50,150,0,200,0
65.0,0.0,10,10,-15,50,150,0,200,0
65.0,0.0,10,10,-15,50,150,0,200,0
65.0,0.0,10,10,-15,50,150,0,200,0
65.0,0.0,10,10,-15,50,150,0,200,0
65.0,0.0,10,10,-15,50,150,0,200,0
65.0,0.0,10,10,-15,50,150,0,200,0
65.0,0.0,10,10,-15,50,150,0,200,0
65.0,0.0,10,10,-15,50,150,0,200,0
65.0,0.0,10,10,-15,50,150,0,200,0
65.0,0.0,10,10,-15,50,150,0,200,0
65.0,0.0,10,10,-15,50,150,0,200,0
65.0,0.0,10,10,-15,50,150,0,200,0
65.0,0.0,10,10,-15,50,150,0,200,0
65.0,0.0,10,10,-15,50,150,0,200,0
65.0,0.0,10,10,-15,50,150,0,200,0
0.0,0.0,10,10,-15,50,150,0,200,0
0.0,0.0,10,10,-15,50,150,0,200,0
0.0,0.0,10,10,-15,50,150,0,200,0
0.0,0.0,10,10,-15,50,150,0,200,0
0.0,0.0,10,10,-15,50,150,0,200,0
0.0,0.0,10,10,-15,50,150,0,200,0
0.0,0.0,10,10,-15,50,150,0,200,0
0.0,0.0,10,10,-15,50,150,0,200,0
0.0,0.0,10,10,-15,50,150,0,200,0
0.0,0.0,10,10,-15,50,150,0,200,0
0.0,0.0,10,10,-15,50,150,0,200,0
0.0,0.0,10,10,-15,50,150,0,200,0
0.0,0.0,10,10,-15,50,150,0,200,0
0.0,0.0,10,10,-15,50,150,0,200,0
0.0,0.0,10,10,-15,50,150,0,200,0
0.0,0.0,10,10,-15,50,150,0,200,0
0.0,0.0,10,10,-15,50,150,0,200,0
0.0,0.0,10,10,-15,50,150,0,200,0
0.0,0.0,10,10,-15,50,150,0,200,0
0.0,0.0,10,10,-15,50,150,0,200,0
0.0,0.0,10,10,-15,50,150,0,200,0
0.0,0.0,10,10,-15,50,150,0,200,0
0.0,0.0,10,10,-15,50,150,0,200,0
0.0,0.0,10,10,-15,50,150,0,200,0
0.0,0.0,10,10,-15,50,150,0,200,0
0.0,0.0,10,10,-15,50,150,0,200,0
0.0,0.0,10,10,-15,50,150,0,200,0
0.0,0.0,10,10,-15,50,150,0,200,0
0.0,0.0,10,10,-15,50,150,0,200,0
0.0,0.0,10,10,-15,50,150,0,200,0
0.0,0.0,10,10,-15,50,150,0,200,0
0.0,0.0,10,10,-15,50,150,0,200,0
0.0,0.0,10,10,-15,50,150,0,200,0
0.0,0.0,10,10,-15,50,150,0,200,0
0.0,0.0,10,10,-15,50,150,0,200,0
0.0,0.0,10,10,-15,50,150,0,200,0
0.0,0.0,10,10,-15,50,150,0,200,0
0.0,0.0,10,10,-15,50,150,0,200,0
0.0,0.0,10,10,-15,50,150,0,200,0
0.0,0.0,10,10,-15,50,150,0,200,0
0.0,0.0,10,10,-15,50,150,0,200,0
0.0,0.0,10,10,-15,50,150,0,200,0
0.0,0.0,10,10,-15,50,150,0,200,0
0.0,0.0,10,10,-15,50,150,0,200,0
0.0,0.0,10,10,-15,50,150,0,200,0
0.0,0.0,10,10,-15,50,150,0,200,0
0.0,0.0,10,10,-15,50,150,0,200,0
0.0,0.0,10,10,-15,50,150,0,200,0
0.0,0.0,10,10,-15,50,150,0,200,0
0.0,0.0,10,10,-15,50,150,0,200,0
0.0,0.0,10,10,-15,50,150,0,200,0
0.0,0.0,10,10,-15,50,150,0,200,0
0.0,0.0,10,10,-15,50,150,0,200,0
0.0,0.0,10,10,-15,50,150,0,200,0
0.0,0.0,10,10,-15,50,150,0,200,0
0.0,0.0,10,10,-15,50,150,0,200,0
0.0,0.0,10,10,-15,50,150,0,200,0
0.0,0.0,10,10,-15,50,150,0,200,0
0.0,0.0,10,10,-15,50,150,0,200,0
0.0,0.0,10,10,-15,50,150,0,200,0
0.0,0.0,10,10,-15,50,150,0,200,0
0.0,0.0,10,10,-15,50,150,0,200,0
0.0,0.0,10,10,-15,50,150,0,200,0
0.0,0.0,10,10,-15,50,150,0,200,0
0.0,0.0,10,10,-15,50,150,0,200,0
0.0,0.0,10,10,-15,50,150,0,200,0
0.0,0.0,10,10,-15,50,150,0,200,0
0.0,0.0,10,10,-15,50,150,0,200,0
0.0,0.0,10,10,-15,50,150,0,200,0
0.0,0.0,10,10,-15,50,150,0,200,0
0.0,0.0,10,10,-15,50,150,0,200,0
0.0,0.0,10,10,-15,50,150,0,200,0
0.0,0.0,10,10,-15,50,150,0,200,0
0.0,0.0,10,10,-15,50,150,0,200,0
0.0,0.0,10,10,-15,50,150,0,200,0
0.0,0.0,10,10,-15,50,150,0,200,0
0.0,0.0,10,10,-15,50,150,0,200,0
0.0,0.0,10,10,-15,50,150,0,200,0
0.0,0.0,10,10,-15,50,150,0,200,0
0.0,0.0,10,10,-15,50,150,0,200,0
0.0,0.0,10,10,-15,50,150,0,200,0
0.0,0.0,10,10,-15,50,150,0,200,0
0.0,0.0,10,10,-15,50,150,0,200,0
0.0,0.0,10,10,-15,50,150,0,200,0
0.0,0.0,10,10,-15,50,150,0,200,0
0.0,0.0,10,10,-15,50,150,0,200,0
0.0,0.0,10,10,-15,50,150,0,200,0
0.0,0.0,10,10,-15,50,150,0,200,0
0.0,0.0,10,10,-15,50,150,0,200,0
0.0,0.0,10,10,-15,50,150,0,200,0
0.0,0.0,10,10,-15,50,150,0,200,0
0.0,0.0,10,10,-15,50,150,0,200,0
0.0,0.0,10,10,-15,50,150,0,200,0
0.0,0.0,10,10,-15,50,150,0,200,0
0.0,0.0,10,10,-15,50,150,0,200,0
0.0,0.0,10,10,-15,50,150,0,200,0
0.0,0.0,10,10,-15,50,150,0,200,0
0.0,0.0,10,10,-15,50,150,0,200,0
0.0,0.0,10,10,-15,50,150,0,200,0
0.0,0.0,10,10,-15,50,150,0,200,0
0.0,0.0,10,10,-15,50,150,0,200,0
0.0,0.0,10,10,-15,50,150,0,200,0
0.0,0.0,10,10,-15,50,150,0,200,0
0.0,0.0,10,10,-15,50,150,0,200,0
0.0,0.0,10,10,-15,50,150,0,200,0
0.0,0.0,10,10,-15,50,150,0,200,0
0.0,0.0,10,10,-15,50,150,0,200,0
0.0,0.0,10,10,-15,50,150,0,200,0
0.0,0.0,10,10,-15,50,150,0,200,0
0.0,0.0,10,10,-15,50,150,0,200,0
0.0,0.0,10,10,-15,50,150,0,200,0
0.0,0.0,10,10,-15,50,150,0,200,0
0.0,0.0,10,10,-15,50,150,0,200,0
0.0,0.0,10,10,-15,50,150,0,200,0
0.0,0.0,10,10,-15,50,150,0,200,0
0.0,0.0,10,10,-15,50,150,0,200,0
0.0,0.0,10,10,-15,50,150,0,200,0
0.0,0.0,10,10,-15,50,150,0,200,0
0.0,0.0,10,10,-15,50,150,0,200,0
0.0,0.0,10,10,-15,50,150,0,200,0
0.0,0.0,10,10,-15,50,150,0,200,0
0.0,0.0,10,10,-15,50,150,0,200,0
0.0,0.0,10,10,-15,50,150,0,200,0
0.0,0.0,10,10,-15,50,150,0,200,0
0.0,0.0,10,10,-15,50,150,0,200,0
0.0,0.0,10,10,-15,50,150,0,200,0
0.0,0.0,10,10,-15,50,150,0,200,0
0.0,0.0,10,10,-15,50,150,0,200,0
0.0,0.0,10,10,-15,50,150,0,200,0
0.0,0.0,10,10,-15,50,150,0,200,0
0.0,0.0,10,10,-15,50,150,0,200,0
0.0,0.0,10,10,-15,50,150,0,200,0
0.0,0.0,10,10,-15,50,150,0,200,0
0.0,0.0,10,10,-15,50,150,0,200,0
0.0,0.0,10,10,-15,50,150,0,200,0
0.0,0.0,10,10,-15,50,150,0,200,0
0.0,0.0,10,10,-15,50,150,0,200,0
0.0,0.0,10,10,-15,50,150,0,200,0
0.0,0.0,10,10,-15,50,150,0,200,0
0.0,0.0,10,10,-15,50,150,0,200,0
0.0,0.0,10,10,-15,50,150,0,200,0
0.0,0.0,10,10,-15,50,150,0,200,0
0.0,0.0,10,10,-15,50,150,0,200,0
0.0,0.0,10,10,-15,50,150,0,200,0
0.0,0.0,10,10,-15,50,150,0,200,0
0.0,0.0,10,10,-15,50,150,0,200,0
0.0,0.0,10,10,-15,50,150,0,200,0
0.0,0.0,10,10,-15,50,150,0,200,0
0.0,0.0,10,10,-15,50,150,0,200,0
0.0,0.0,10,10,-15,50,150,0,200,0
75.0,0.0,10,10,-15,50,150,0,200,0
75.0,0.0,10,10,-15,50,150,0,200,0
75.0,0.0,10,10,-15,50,150,0,200,0
75.0,0.0,10,10,-15,50,150,0,200,0
75.0,0.0,10,10,-15,50,150,0,200,0
75.0,0.0,10,10,-15,50,150,0,200,0
75.0,0.0,10,10,-15,50,150,0,200,0
75.0,0.0,10,10,-15,50,150,0,200,0
75.0,0.0,10,10,-15,50,150,0,200,0
75.0,0.0,10,10,-15,50,150,0,200,0
75.0,0.0,10,10,-15,50,150,0,200,0
75.0,0.0,10,10,-15,50,150,0,200,0
75.0,0.0,10,10,-15,50,150,0,200,0
75.0,0.0,10,10,-15,50,150,0,200,0
75.0,0.0,10,10,-15,50,150,0,200,0
75.0,0.0,10,10,-15,50,150,0,200,0
75.0,0.0,10,10,-15,50,150,0,200,0
75.0,0.0,10,10,-15,50,150,0,200,0
75.0,0.0,10,10,-15,50,150,0,200,0
75.0,0.0,10,10,-15,50,150,0,200,0
75.0,0.0,10,10,-15,50,150,0,200,0
75.0,0.0,10,10,-15,50,150,0,200,0
75.0,0.0,10,10,-15,50,150,0,200,0
75.0,0.0,10,10,-15,50,150,0,200,0
75.0,0.0,10,10,-15,50,150,0,200,0
75.0,0.0,10,10,-15,50,150,0,200,0
75.0,0.0,10,10,-15,50,150,0,200,0
75.0,0.0,10,10,-15,50,150,0,200,0
75.0,0.0,10,10,-15,50,150,0,200,0
75.0,0.0,10,10,-15,50,150,0,200,0
75.0,0.0,10,10,-15,50,150,0,200,0
75.0,0.0,10,10,-15,50,150,0,200,0
75.0,0.0,10,10,-15,50,150,0,200,0
75.0,0.0,10,10,-15,50,150,0,200,0
75.0,0.0,10,10,-15,50,150,0,200,0
75.0,0.0,10,10,-15,50,150,0,200,0
75.0,0.0,10,10,-15,50,150,0,200,0
75.0,0.0,10,10,-15,50,150,0,200,0
75.0,0.0,10,10,-15,50,150,0,200,0
75.0,0.0,10,10,-15,50,150,0,200,0
75.0,0.0,10,10,-15,50,150,0,200,0
75.0,0.0,10,10,-15,50,150,0,200,0
75.0,0.0,10,10,-15,50,150,0,200,0
75.0,0.0,10,10,-15,50,150,0,200,0
75.0,0.0,10,10,-15,50,150,0,200,0
75.0,0.0,10,10,-15,50,150,0,200,0
75.0,0.0,10,10,-15,50,150,0,200,0
75.0,0.0,10,10,-15,50,150,0,200,0
75.0,0.0,10,10,-15,50,150,0,200,0
75.0,0.0,10,10,-15,50,150,0,200,0
0.0,0.0,10,10,-15,50,150,0,200,0
0.0,0.0,10,10,-15,50,150,0,200,0
0.0,0.0,10,10,-15,50,150,0,200,0
0.0,0.0,10,10,-15,50,150,0,200,0
0.0,0.0,10,10,-15,50,150,0,200,0
0.0,0.0,10,10,-15,50,150,0,200,0
0.0,0.0,10,10,-15,50,150,0,200,0
0.0,0.0,10,10,-15,50,150,0,200,0
0.0,0.0,10,10,-15,50,150,0,200,0
0.0,0.0,10,10,-15,50,150,0,200,0
0.0,0.0,10,10,-15,50,150,0,200,0
0.0,0.0,10,10,-15,50,150,0,200,0
0.0,0.0,10,10,-15,50,150,0,200,0
0.0,0.0,10,10,-15,50,150,0,200,0
0.0,0.0,10,10,-15,50,150,0,200,0
0.0,0.0,10,10,-15,50,150,0,200,0
0.0,0.0,10,10,-15,50,150,0,200,0
0.0,0.0,10,10,-15,50,150,0,200,0
0.0,0.0,10,10,-15,50,150,0,200,0
0.0,0.0,10,10,-15,50,150,0,200,0
0.0,0.0,10,10,-15,50,150,0,200,0
0.0,0.0,10,10,-15,50,150,0,200,0
0.0,0.0,10,10,-15,50,150,0,200,0
0.0,0.0,10,10,-15,50,150,0,200,0
0.0,0.0,10,10,-15,50,150,0,200,0
0.0,0.0,10,10,-15,50,150,0,200,0
0.0,0.0,10,10,-15,50,150,0,200,0
0.0,0.0,10,10,-15,50,150,0,200,0
0.0,0.0,10,10,-15,50,150,0,200,0
0.0,0.0,10,10,-15,50,150,0,200,0
0.0,0.0,10,10,-15,50,150,0,200,0
0.0,0.0,10,10,-15,50,150,0,200,0
0.0,0.0,10,10,-15,50,150,0,200,0
0.0,0.0,10,10,-15,50,150,0,200,0
0.0,0.0,10,10,-15,50,150,0,200,0
0.0,0.0,10,10,-15,50,150,0,200,0
0.0,0.0,10,10,-15,50,150,0,200,0
0.0,0.0,10,10,-15,50,150,0,200,0
0.0,0.0,10,10,-15,50,150,0,200,0
0.0,0.0,10,10,-15,50,150,0,200,0
0.0,0.0,10,10,-15,50,150,0,200,0
0.0,0.0,10,10,-15,50,150,0,200,0
0.0,0.0,10,10,-15,50,150,0,200,0
0.0,0.0,10,10,-15,50,150,0,200,0
0.0,0.0,10,10,-15,50,150,0,200,0
0.0,0.0,10,10,-15,50,150,0,200,0
0.0,0.0,10,10,-15,50,150,0,200,0
0.0,0.0,10,10,-15,50,150,0,200,0
0.0,0.0,10,10,-15,50,150,0,200,0
0.0,0.0,10,10,-15,50,150,0,200,0
0.0,0.0,10,10,-15,50,150,0,200,0
0.0,0.0,10,10,-15,50,150,0,200,0
0.0,0.0,10,10,-15,50,150,0,200,0
0.0,0.0,10,10,-15,50,150,0,200,0
0.0,0.0,10,10,-15,50,150,0,200,0
0.0,0.0,10,10,-15,50,150,0,200,0
0.0,0.0,10,10,-15,50,150,0,200,0
0.0,0.0,10,10,-15,50,150,0,200,0
0.0,0.0,10,10,-15,50,150,0,200,0
0.0,0.0,10,10,-15,50,150,0,200,0
0.0,0.0,10,10,-15,50,150,0,200,0
0.0,0.0,10,10,-15,50,150,0,200,0
0.0,0.0,10,10,-15,50,150,0,200,0
0.0,0.0,10,10,-15,50,150,0,200,0
0.0,0.0,10,10,-15,50,150,0,200,0
0.0,0.0,10,10,-15,50,150,0,200,0
0.0,0.0,10,10,-15,50,150,0,200,0
0.0,0.0,10,10,-15,50,150,0,200,0
0.0,0.0,10,10,-15,50,150,0,200,0
0.0,0.0,10,10,-15,50,150,0,200,0
0.0,0.0,10,10,-15,50,150,0,200,0
0.0,0.0,10,10,-15,50,150,0,200,0
0.0,0.0,10,10,-15,50,150,0,200,0
0.0,0.0,10,10,-15,50,150,0,200,0
0.0,0.0,10,10,-15,50,150,0,200,0
0.0,0.0,10,10,-15,50,150,0,200,0
0.0,0.0,10,10,-15,50,150,0,200,0
0.0,0.0,10,10,-15,50,150,0,200,0
0.0,0.0,10,10,-15,50,150,0,200,0
0.0,0.0,10,10,-15,50,150,0,200,0
0.0,0.0,10,10,-15,50,150,0,200,0
0.0,0.0,10,10,-15,50,150,0,200,0
0.0,0.0,10,10,-15,50,150,0,200,0
0.0,0.0,10,10,-15,50,150,0,200,0
0.0,0.0,10,10,-15,50,150,0,200,0
0.0,0.0,10,10,-15,50,150,0,200,0
0.0,0.0,10,10,-15,50,150,0,200,0
0.0,0.0,10,10,-15,50,150,0,200,0
0.0,0.0,10,10,-15,50,150,0,200,0
0.0,0.0,10,10,-15,50,150,0,200,0
0.0,0.0,10,10,-15,50,150,0,200,0
0.0,0.0,10,10,-15,50,150,0,200,0
0.0,0.0,10,10,-15,50,150,0,200,0
0.0,0.0,10,10,-15,50,150,0,200,0
0.0,0.0,10,10,-15,50,150,0,200,0
0.0,0.0,10,10,-15,50,150,0,200,0
0.0,0.0,10,10,-15,50,150,0,200,0
0.0,0.0,10,10,-15,50,150,0,200,0
0.0,0.0,10,10,-15,50,150,0,200,0
0.0,0.0,10,10,-15,50,150,0,200,0
0.0,0.0,10,10,-15,50,150,0,200,0
0.0,0.0,10,10,-15,50,150,0,200,0
0.0,0.0,10,10,-15,50,150,0,200,0
0.0,0.0,10,10,-15,50,150,0,200,0
0.0,0.0,10,10,-15,50,150,0,200,0
0.0,0.0,10,10,-15,50,150,0,200,0
0.0,0.0,10,10,-15,50,150,0,200,0
0.0,0.0,10,10,-15,50,150,0,200,0
0.0,0.0,10,10,-15,50,150,0,200,0
0.0,0.0,10,10,-15,50,150,0,200,0
0.0,0.0,10,10,-15,50,150,0,200,0
0.0,0.0,10,10,-15,50,150,0,200,0
0.0,0.0,10,10,-15,50,150,0,200,0
0.0,0.0,10,10,-15,50,150,0,200,0
0.0,0.0,10,10,-15,50,150,0,200,0
0.0,0.0,10,10,-15,50,150,0,200,0
0.0,0.0,10,10,-15,50,150,0,200,0
0.0,0.0,10,10,-15,50,150,0,200,0
0.0,0.0,10,10,-15,50,150,0,200,0
0.0,0.0,10,10,-15,50,150,0,200,0
0.0,0.0,10,10,-15,50,150,0,200,0
0.0,0.0,10,10,-15,50,150,0,200,0
0.0,0.0,10,10,-15,50,150,0,200,0
0.0,0.0,10,10,-15,50,150,0,200,0
0.0,0.0,10,10,-15,50,150,0,200,0
0.0,0.0,10,10,-15,50,150,0,200,0
0.0,0.0,10,10,-15,50,150,0,200,0
0.0,0.0,10,10,-15,50,150,0,200,0
0.0,0.0,10,10,-15,50,150,0,200,0
0.0,0.0,10,10,-15,50,150,0,200,0
0.0,0.0,10,10,-15,50,150,0,200,0
0.0,0.0,10,10,-15,50,150,0,200,0
0.0,0.0,10,10,-15,50,150,0,200,0
0.0,0.0,10,10,-15,50,150,0,200,0
0.0,0.0,10,10,-15,50,150,0,200,0
0.0,0.0,10,10,-15,50,150,0,200,0
0.0,0.0,10,10,-15,50,150,0,200,0
0.0,0.0,10,10,-15,50,150,0,200,0
0.0,0.0,10,10,-15,50,150,0,200,0
0.0,0.0,10,10,-15,50,150,0,200,0
0.0,0.0,10,10,-15,50,150,0,200,0
0.0,0.0,10,10,-15,50,150,0,200,0
0.0,0.0,10,10,-15,50,150,0,200,0
0.0,0.0,10,10,-15,50,150,0,200,0
0.0,0.0,10,10,-15,50,150,0,200,0
0.0,0.0,10,10,-15,50,150,0,200,0
0.0,0.0,10,10,-15,50,150,0,200,0
0.0,0.0,10,10,-15,50,150,0,200,0
0.0,0.0,10,10,-15,50,150,0,200,0
0.0,0.0,10,10,-15,50,150,0,200,0
0.0,0.0,10,10,-15,50,150,0,200,0
0.0,0.0,10,10,-15,50,150,0,200,0
0.0,0.0,10,10,-15,50,150,0,200,0
0.0,0.0,10,10,-15,50,150,0,200,0
0.0,0.0,10,10,-15,50,150,0,200,0
0.0,0.0,10,10,-15,50,150,0,200,0
0.0,0.0,10,10,-15,50,150,0,200,0
0.0,0.0,10,10,-15,50,150,0,200,0
0.0,0.0,10,10,-15,50,150,0,200,0
0.0,0.0,10,10,-15,50,150,0,200,0
0.0,0.0,10,10,-15,50,150,0,200,0
0.0,0.0,10,10,-15,50,150,0,200,0
0.0,0.0,10,10,-15,50,150,0,200,0
0.0,0.0,10,10,-15,50,150,0,200,0
0.0,0.0,10,10,-15,50,150,0,200,0
0.0,0.0,10,10,-15,50,150,0,200,0
0.0,0.0,10,10,-15,50,150,0,200,0
0.0,0.0,10,10,-15,50,150,0,200,0
0.0,0.0,10,10,-15,50,150,0,200,0
0.0,0.0,10,10,-15,50,150,0,200,0
0.0,0.0,10,10,-15,50,150,0,200,0
0.0,0.0,10,10,-15,50,150,0,200,0
0.0,0.0,10,10,-15,50,150,0,200,0
0.0,0.0,10,10,-15,50,150,0,200,0
0.0,0.0,10,10,-15,50,150,0,200,0
0.0,0.0,10,10,-15,50,150,0,200,0
0.0,0.0,10,10,-15,50,150,0,200,0
0.0,0.0,10,10,-15,50,150,0,200,0
0.0,0.0,10,10,-15,50,150,0,200,0
0.0,0.0,10,10,-15,50,150,0,200,0
0.0,0.0,10,10,-15,50,150,0,200,0
0.0,0.0,10,10,-15,50,150,0,200,0
0.0,0.0,10,10,-15,50,150,0,200,0
0.0,0.0,10,10,-15,50,150,0,200,0
0.0,0.0,10,10,-15,50,150,0,200,0
0.0,0.0,10,10,-15,50,150,0,200,0
0.0,0.0,10,10,-15,50,150,0,200,0
0.0,0.0,10,10,-15,50,150,0,200,0
0.0,0.0,10,10,-15,50,150,0,200,0
0.0,0.0,10,10,-15,50,150,0,200,0
0.0,0.0,10,10,-15,50,150,0,200,0
0.0,0.0,10,10,-15,50,150,0,200,0
0.0,0.0,10,10,-15,50,150,0,200,0
0.0,0.0,10,10,-15,50,150,0,200,0
0.0,0.0,10,10,-15,50,150,0,200,0
0.0,0.0,10,10,-15,50,150,0,200,0
0.0,0.0,10,10,-15,50,150,0,200,0
0.0,0.0,10,10,-15,50,150,0,200,0
0.0,0.0,10,10,-15,50,150,0,200,0
0.0,0.0,10,10,-15,50,150,0,200,0
0.0,0.0,10,10,-15,50,150,0,200,0
0.0,0.0,10,10,-15,50,150,0,200,0
0.0,0.0,10,10,-15,50,150,0,200,0
0.0,0.0,10,10,-15,50,150,0,200,0
0.0,0.0,10,10,-15,50,150,0,200,0
0.0,0.0,10,10,-15,50,150,0,200,0
0.0,0.0,10,10,-15,50,150,0,200,0
0.0,0.0,10,10,-15,50,150,0,200,0
0.0,0.0,10,10,-15,50,150,0,200,0
0.0,0.0,10,10,-15,50,150,0,200,0
0.0,0.0,10,10,-15,50,150,0,200,0
0.0,0.0,10,10,-15,50,150,0,200,0
0.0,0.0,10,10,-15,50,150,0,200,0
0.0,0.0,10,10,-15,50,150,0,200,0
0.0,0.0,10,10,-15,50,150,0,200,0
0.0,0.0,10,10,-15,50,150,0,200,0
0.0,0.0,10,10,-15,50,150,0,200,0
0.0,0.0,10,10,-15,50,150,0,200,0
0.0,0.0,10,10,-15,50,150,0,200,0
0.0,0.0,10,10,-15,50,150,0,200,0
0.0,0.0,10,10,-15,50,150,0,200,0
0.0,0.0,10,10,-15,50,150,0,200,0
0.0,0.0,10,10,-15,50,150,0,200,0
0.0,0.0,10,10,-15,50,150,0,200,0
0.0,0.0,10,10,-15,50,150,0,200,0
0.0,0.0,10,10,-15,50,150,0,200,0
0.0,0.0,10,10,-15,50,150,0,200,0
0.0,0.0,10,10,-15,50,150,0,200,0
0.0,0.0,10,10,-15,50,150,0,200,0
0.0,0.0,10,10,-15,50,150,0,200,0
0.0,0.0,10,10,-15,50,150,0,200,0
0.0,0.0,10,10,-15,50,150,0,200,0
0.0,0.0,10,10,-15,50,150,0,200,0
0.0,0.0,10,10,-15,50,150,0,200,0
0.0,0.0,10,10,-15,50,150,0,200,0
0.0,0.0,10,10,-15,50,150,0,200,0
0.0,0.0,10,10,-15,50,150,0,200,0
0.0,0.0,10,10,-15,50,150,0,200,0
0.0,0.0,10,10,-15,50,150,0,200,0
0.0,0.0,10,10,-15,50,150,0,200,0
0.0,0.0,10,10,-15,50,150,0,200,0
0.0,0.0,10,10,-15,50,150,0,200,0
0.0,0.0,10,10,-15,50,150,0,200,0
0.0,0.0,10,10,-15,50,150,0,200,0
0.0,0.0,10,10,-15,50,150,0,200,0
0.0,0.0,10,10,-15,50,150,0,200,0
0.0,0.0,10,10,-15,50,150,0,200,0
0.0,0.0,10,10,-15,50,150,0,200,0
0.0,0.0,10,10,-15,50,150,0,200,0
0.0,0.0,10,10,-15,50,150,0,200,0
0.0,0.0,10,10,-15,50,150,0,200,0
0.0,0.0,10,10,-15,50,150,0,200,0
0.0,0.0,10,10,-15,50,150,0,200,0
0.0,0.0,10,10,-15,50,150,0,200,0
0.0,0.0,10,10,-15,50,150,0,200,0
0.0,0.0,10,10,-15,50,150,0,200,0
0.0,0.0,10,10,-15,50,150,0,200,0
0.0,0.0,10,10,-15,50,150,0,200,0
0.0,0.0,10,10,-15,50,150,0,200,0
0.0,0.0,10,10,-15,50,150,0,200,0
0.0,0.0,10,10,-15,50,150,0,200,0
0.0,0.0,10,10,-15,50,150,0,200,0
0.0,0.0,10,10,-15,50,150,0,200,0
0.0,0.0,10,10,-15,50,150,0,200,0
0.0,0.0,10,10,-15,50,150,0,200,0
0.0,0.0,10,10,-15,50,150,0,200,0
0.0,0.0,10,10,-15,50,150,0,200,0
0.0,0.0,10,10,-15,50,150,0,200,0
0.0,0.0,10,10,-15,50,150,0,200,0
0.0,0.0,10,10,-15,50,150,0,200,0
0.0,0.0,10,10,-15,50,150,0,200,0
0.0,0.0,10,10,-15,50,150,0,200,0
0.0,0.0,10,10,-15,50,150,0,200,0
0.0,0.0,10,10,-15,50,150,0,200,0
0.0,0.0,10,10,-15,50,150,0,200,0
0.0,0.0,10,10,-15,50,150,0,200,0
0.0,0.0,10,10,-15,50,150,0,200,0
0.0,0.0,10,10,-15,50,150,0,200,0
0.0,0.0,10,10,-15,50,150,0,200,0
0.0,0.0,10,10,-15,50,150,0,200,0
0.0,0.0,10,10,-15,50,150,0,200,0
0.0,0.0,10,10,-15,50,150,0,200,0
0.0,0.0,10,10,-15,50,150,0,200,0
0.0,0.0,10,10,-15,50,150,0,200,0
0.0,0.0,10,10,-15,50,150,0,200,0
0.0,0.0,10,10,-15,50,150,0,200,0
0.0,0.0,10,10,-15,50,150,0,200,0
0.0,0.0,10,10,-15,50,150,0,200,0
0.0,0.0,10,10,-15,50,150,0,200,0
0.0,0.0,10,10,-15,50,150,0,200,0
0.0,0.0,10,10,-15,50,150,0,200,0
0.0,0.0,10,10,-15,50,150,0,200,0
0.0,0.0,10,10,-15,50,150,0,200,0
0.0,0.0,10,10,-15,50,150,0,200,0
0.0,0.0,10,10,-15,50,150,0,200,0
0.0,0.0,10,10,-15,50,150,0,200,0
0.0,0.0,10,10,-15,50,150,0,200,0
0.0,0.0,10,10,-15,50,150,0,200,0
0.0,0.0,10,10,-15,50,150,0,200,0
0.0,0.0,10,10,-15,50,150,0,200,0
0.0,0.0,10,10,-15,50,150,0,200,0
0.0,0.0,10,10,-15,50,150,0,200,0
0.0,0.0,10,10,-15,50,150,0,200,0
0.0,0.0,10,10,-15,50,150,0,200,0
0.0,0.0,10,10,-15,50,150,0,200,0
0.0,0.0,10,10,-15,50,150,0,200,0
0.0,0.0,10,10,-15,50,150,0,200,0
0.0,0.0,10,10,-15,50,150,0,200,0
0.0,0.0,10,10,-15,50,150,0,200,0
0.0,0.0,10,10,-15,50,150,0,200,0
0.0,0.0,10,10,-15,50,150,0,200,0
0.0,0.0,10,10,-15,50,150,0,200,0
0.0,0.0,10,10,-15,50,150,0,200,0
0.0,0.0,10,10,-15,50,150,0,200,0
0.0,0.0,10,10,-15,50,150,0,200,0
0.0,0.0,10,10,-15,50,150,0,200,0
0.0,0.0,10,10,-15,50,150,0,200,0
0.0,0.0,10,10,-15,50,150,0,200,0
0.0,0.0,10,10,-15,50,150,0,200,0
0.0,0.0,10,10,-15,50,150,0,200,0
0.0,0.0,10,10,-15,50,150,0,200,0
0.0,0.0,10,10,-15,50,150,0,200,0
0.0,0.0,10,10,-15,50,150,0,200,0
0.0,0.0,10,10,-15,50,150,0,200,0
0.0,0.0,10,10,-15,50,150,0,200,0
0.0,0.0,10,10,-15,50,150,0,200,0
0.0,0.0,10,10,-15,50,150,0,200,0
0.0,0.0,10,10,-15,50,150,0,200,0
0.0,0.0,10,10,-15,50,150,0,200,0
0.0,0.0,10,10,-15,50,150,0,200,0
0.0,0.0,10,10,-15,50,150,0,200,0
0.0,0.0,10,10,-15,50,150,0,200,0
0.0,0.0,10,10,-15,50,150,0,200,0
0.0,0.0,10,10,-15,50,150,0,200,0
0.0,0.0,10,10,-15,50,150,0,200,0
0.0,0.0,10,10,-15,50,150,0,200,0
0.0,0.0,10,10,-15,50,150,0,200,0
0.0,0.0,10,10,-15,50,150,0,200,0
0.0,0.0,10,10,-15,50,150,0,200,0
0.0,0.0,10,10,-15,50,150,0,200,0
0.0,0.0,10,10,-15,50,150,0,200,0
0.0,0.0,10,10,-15,50,150,0,200,0
0.0,0.0,10,10,-15,50,150,0,200,0
0.0,0.0,10,10,-15,50,150,0,200,0
0.0,0.0,10,10,-15,50,150,0,200,0
0.0,0.0,10,10,-15,50,150,0,200,0
0.0,0.0,10,10,-15,50,150,0,200,0
0.0,0.0,10,10,-15,50,150,0,200,0
0.0,0.0,10,10,-15,50,150,0,200,0
0.0,0.0,10,10,-15,50,150,0,200,0
